"idoxatis";"sku";"nombre";"stock";"pvprecomendado";"ean"
18519400;E-613144;L?mpara Etna Schuller - Lampara 6 luces pantallas;1;359,00;
18520570;174213;Plafon Andromeda Schuller - Pantalla abalorios - LED;0;117,00;8,44E+12
18520573;174631;Aplique Andromeda Schuller - Bolas cromo - LED;34;69,00;8,44E+12
18521192;E-147538;Sobremesa Elsa Schuller - Pan de plata pantalla;0;;
18522497;E-357586;Sobremesa perro ver Puppy - Schuller;20;45,00;
18522585;E-357591;Sobremesa perro azul Puppy - Schuller;4;;
18522635;840842/2061;Mesa centro Time Schuller - cristal pata ondas;13;;
18522826;E-471619;Aplique Mol schuller - 6 luces LED;1;134,00;
18523091;821629;Mesa Calima Schuller - Mueble auxiliar acero 60 cm;4;264,00;8,44E+12
18523138;821437;Consola Calima Schuller - Acero inoxidable;38;558,00;8,44E+12
18523139;E-256023;Mecedora Ibiza Schuller - Mecedora exterior negra;1;204,49;
18523827;174414;Sobremesa Andromeda Schuller - cromo pantalla - LED;64;72,00;8,44E+12
18523953;174112;Lampara Andromeda Schuller - Colgante ?60cm - LED;7;291,00;8,44E+12
18524808;174011;Lampara Andromeda Schuller - Colgante ?45cm - LED;21;165,00;8,44E+12
18524906;586423bl;Sobremesa Blanco Cargador Movil con altavoz - Schuller;0;135,52;
18524908;586423ng;Sobremesa Negro Cargador Movil con altavoz - Schuller;0;135,52;
18524979;664443/7376;Sobremesa Terra Schuller - Pan de oro pantalla - LED;1;;8435435322953
18526139;661530p-ca;SOBREMESA SERIE DECO. Oro/Plata/Marron;0;;
18526141;661530p-p;SOBREMESA SERIE DECO. Oro/Plata/Marron;0;;
18526142;661530o-c;SOBREMESA SERIE DECO. Oro/Plata/Marron;0;;
18526143;661530m-p;SOBREMESA SERIE DECO. Oro/Plata/Marron;0;;
18526146;661530c-c;SOBREMESA SERIE DECO. Oro/Plata/Marron;0;;
18528082;664228;Lampara Deco Schuller - Pan de plata pantalla - LED;1;;
18528358;E-463613;Lampara Luppo Schuller - Lineal abalorios cristal - LED;1;425,00;
18593248;508030;Plafon Argos Schuller - Plafon ?50cm espejo Argos;47;270,00;8,44E+12
18593252;508718;Colgante Argos Schuller - Lampara de ?40cm LED;89;174,00;8,44E+12
18593253;508111;Colgante Argos Schuller - Lampara de ?50cm LED;55;279,00;8,44E+12
18593258;509010;Colgante Argos Schuller - Colgante de ?22cm LED;20;66,00;8,44E+12
18593261;508222;Sobremesa Argos Schuller - Tulipa espejo grande - LED;31;198,00;8,44E+12
18593279;508516;Sobremesa Argos Schuller - Tulipa espejo peque?o - LED;36;117,00;8,44E+12
18593293;509213;Lampara Argos Schuller - Lampara linea 3 tulipas - LED;52;192,00;8,44E+12
18593317;509327;Aplique Argos Schuller -Tulipa Espejo;3;84,00;8,44E+12
18593623;876241;Colgante Ariadna Schuller - Transparente. 2 tama?os;0;;8435435323981
18593624;876113;Colgante Ariadna Schuller - Transparente. 2 tama?os;6;348,00;8,44E+12
18593627;876295;Colgante Ariadna Schuller - champagne ?53cm;0;;
18593628;876124;Colgante Ariadna Schuller - champagne ?66cm;1;417,00;8,44E+12
18593632;876352;Plaf?n Ariadna Schuller - transparente 53 cm LED;2;255,00;8,44E+12
18593635;876360;Plaf?n Ariadna Schuller - Cristales champagne 53 cm - LED;7;270,00;8,44E+12
18594519;193091;Aplique Arian Schuller - tulipa espejo - LED;89;45,00;8,44E+12
18594540;193273;L?mpara Arian Schuller - 1 Colgante espejo - LED;194;45,00;8,44E+12
18594553;193364;L?mpara Arian Schuller - 5 Colgantes espejo - LED;41;168,00;8,44E+12
18594557;193453;L?mpara Arian Schuller - 7 Colgantes espejo - LED;91;228,00;8,44E+12
18594564;193539;Lampara Arian Schuller - 5 colgantes espejo - LED;48;168,00;8,44E+12
18594649;874426;Lampara Aruma Schuller - 2 barras LED;3;;8435435315221
18595365;696318;Plaf?n Bruma Schuller - Semiplaf?n almendros LED;23;657,00;8,44E+12
18595381;860218;Colgante Bubble Schuller - Tulipa doble luz LED;34;66,00;8,44E+12
18595387;E-860117;Lampara Bubble Schuller - 4 colgantes en linea - LED;3;;
18595408;E-735836;Lampara Coras Schuller - Colgante blanco y plata - LED;1;394,00;
18599006;827523;Sobremesa Cosmo Schuller - Cromo 2 barras LED;22;99,00;8,44E+12
18599029;827746;Colgante Cosmos Schuller - Cromo luz LED;33;63,00;8,44E+12
18616564;E-827968;Lampara Cosmo schuller - 3 Barras de luz LED;1;;
18616578;827635;L?mpara de pie Cosmo Schuller - 2 barras LED;9;234,00;8,44E+12
18616789;152461;Colgante Cronos Schuller - Cromo ?60cm LED;10;243,00;8,44E+12
18623316;183653;Aplique Cube Schuller - 1 luz LED;11;36,00;8,44E+12
18623325;183542;Sobremesa serie Cube Schuller - Tulipa blanca - LED;43;39,00;8,44E+12
18623346;183320;Plaf?n Cube Schuller - 4 luces tulipas doble - LED;34;111,00;8,44E+12
18623354;183431;Lampara Cube Schuller - 4 tulipas en linea - LED;12;108,00;8,44E+12
18623380;571034G9;Aplique Cubic Schuller - 2 luces cristal - LED;20;75,00;8,44E+12
18623830;508323;Aplique Diamond Schuller - Abalorios cristal;16;81,00;8,44E+12
18623878;508931;L?mpara de pie Diamond Schuller - Abalorios - LED;23;;8435435324032
18623895;507413;Colgante Diamond Schuller - Abalorios cristal - 24cm LED;26;93,00;8,44E+12
18623899;507514;Lampara Diamond Schuller - Abalorios cristal - 54cm LED;1;348,00;8,44E+12
18623910;E-508821;Lampara Diamond Schuller - Ovalada cristal - LED;-1;571,00;8435435305277
18623917;507039;Plaf?n Diamond Schuller - Abalorios cristal - 2 tama?os;6;189,00;8,44E+12
18623918;507130;Plaf?n Diamond Schuller - Abalorios cristal - 2 tama?os;15;276,00;8,44E+12
18625074;49441583/7611;Lampara Domo Schuller - Colgante pantalla blanca - LED;8;;8435435304935
18625163;69441581/7608;Plafon Domo Schuller - Cadenas pantalla blanca;45;475,00;8435435307950
18625168;89431589/7443;Aplique Domo Schuller - Pantalla Beige LED;25;;8435435311599
18625453;506736;Plaf?n Eclipse Schuller - 4 luces tulipas doble - LED;116;105,00;8,44E+12
18625483;506847;Aplique Eclipse Schuller - Doble tulipa bola - Luz LED;107;30,00;8,44E+12
18625562;506514;Lampara Eclipse Schuller - 4 tulipas en linea - LED;85;111,00;8,44E+12
18625610;506625;Sobremesa Eclipse Schuller - Cromo bola - LED;21;33,00;8,44E+12
18630926;711021;Aplique Eloise Schuller - Barras cristal - LED;54;93,00;8,44E+12
18631226;711132;Plaf?n Eloise Schuller - Barras cristal - Luz LED;4;366,00;8,44E+12
18631275;579814G9;L?mpara Espiral Schuller - colgante 1 bola - LED;13;597,00;8,44E+12
18631330;674125;L?mpara colgante de techo Egea. 2 Tama?os.  SCHULLER.;8;;
18631331;E-674238;L?mpara colgante de techo Egea. 2 Tama?os.  SCHULLER.;1;379,00;
18631333;579930G9;L?mpara Espiral Schuller - colgante 3 bolas - LED;2;1,47;8,44E+12
18631809;391329;Sobremesa serie Flash Schuller - Tulipa abalorios -LED;29;51,00;8,44E+12
18631825;391540;Plaf?n Flash Schuller - 4 luces tulipas doble - LED;35;123,00;8,44E+12
18631828;391218;Aplique flash Schuller - abalarios cristal;115;39,00;8,44E+12
18631829;391870;Aplique Flash Schuller - 2 luces LED;60;72,00;8,44E+12
18631831;391653;Lampara Flash Schuller - 4 tulipas en linea - LED;18;135,00;8,44E+12
18631836;653422;L?mpara Fox Schuller - 4 colgantes vintage LED;9;219,00;8,44E+12
18631837;653608;Colgante Fox Schuller - Vintage 1 tulipa - LED;83;69,00;8,44E+12
18637566;690217;L?mpara Estratos Schuller - 3 bolas abalorios - LED;3;1,25;8,44E+12
18640663;535190;Colgante Ishara Schuller - Vintage plata - LED;26;99,00;8,44E+12
18640717;648175;Lampara Isis Schuller - Colgante ?58cm oro - LED;13;219,00;8,44E+12
18640759;E-648091;Lampara Isis Schuller - Colgante blanco oro - LED;1;249,00;
18640792;648362;Aplique Isis Schuller - Blanco y oro - LED;65;54,00;8,44E+12
18640822;648436;Sobremesa Isis Schuller - blanco oro luz LED;20;69,00;8,44E+12
18641989;E-463310G9;Semiplaf?n Luppo Schuller - Abalorios cristal luz LED;1;317,00;
18642125;E-463411G9;Lampara Luppo Schuller - cromo pantalla - LED;1;354,00;
18642291;661418;Sobremesa Mercury Schuller grande cromo pantalla;27;72,00;8,44E+12
18642340;661917;Lampara de Pie Mercury Schuller - Cromo pantalla - LED;38;216,00;8,44E+12
18642827;392742;Lampara Kira Schuller - Colgante blanco - LED;14;190,00;8,44E+12
18644721;872611;Lampara Minerva Schuller - Imperio cromo ?35cm 6L;38;339,00;8,44E+12
18644729;872853;Lampara Minerva Schuller - Imperio cromo ?55cm 10L;32;762,00;8,44E+12
18644759;872941;Lampara Minerva Schuller - Imperio cromo ?68cm 12L;18;1,06;8,44E+12
18644765;872712;Aplique Minerva Schuller - cadenas de metal;6;129,00;8,44E+12
18644809;872593;Plaf?n Minerva Schuller - Lampara imperio 45cm LED;12;477,00;8,44E+12
18644811;872469;Plaf?n Minerva Schuller - Lampara imperio 68cm LED;12;891,00;8,44E+12
18647073;662110;Sobremesa Mercury Schuller peque?o cromo pantalla;31;57,00;8,44E+12
18647119;663554;Colgante Mercury Schuller - Pantalla plata ?50cm. LED;19;126,00;8,44E+12
18647240;663676;Aplique Mercury Schuller - Bolas Transparentes;36;66,00;8,44E+12
18647267;664115;L?mpara Mercury Schuller - pantalla ovalada - LED;23;198,00;8,44E+12
18650299;160320;Aplique Onda Schuller - Abalorios cristal - LED;67;48,00;8,44E+12
18651752;124346;L?mpara Quios Schuller - 46cm. ? luz LED;26;156,00;8,44E+12
18651756;124465;L?mpara Quios Schuller - 54cm. ? luz LED;53;183,00;8,44E+12
18651793;E-164201;L?mpara Rex Schuller - Circular 6 brazos - LED;1;339,00;
18651816;E-164322;L?mpara Rex Schuller - 4 focos malla metal - LED;1;216,00;
18651829;E-164687;Aplique Rex Schuller - Cromo 2 tulipas - LED;2;119,00;8435435313005
18651841;783517;L?mpara Rocio Schuller - 5 Colgantes cromo LED;10;228,00;8,44E+12
18651844;783529;Lampara Rocio Schuller - 5 Colgantes oro - LED;19;240,00;8,44E+12
18651864;784326;Colgante Rocio Schuller - metal cromo 1 luz LED;279;57,00;8,44E+12
18651871;784347;Colgante Rocio Schuller - metal dorado 1 luz LED;64;63,00;8,44E+12
18651874;785635;L?mpara Rocio Schuller - 14 Colgantes cromo LED;20;642,00;8,44E+12
18652312;160563;Plaf?n Saten Schuller - Lampara abalorios 43cm;35;189,00;8,44E+12
18653200;160674;Plaf?n Saten Schuller - Lampara abalorios 55cm;0;297,00;8,44E+12
18653991;161461;Sobremesa Saten Schuller - Pantalla abalorios - LED;20;180,00;8,44E+12
18654009;160785;Aplique Saten Schuller - Abalorios cristal - LED;38;57,00;8,44E+12
18654070;E-471724;Sobremesa Minos Schuller - Pan de plata - LED;1;178,00;
18657248;E-532475;L?mpara Star Schuller - Ovalada con abalorios - LED;1;787,00;
18661149;E-676346;L?mpara Vega Schuller - 3 Colgantes blancos LED;1;235,00;
18661290;E-581623;Lampara Xenia Schuller - Picos blancos - LED;1;418,00;
18661441;198321;Lampara Zone Schuller - Colgante blanco - LED;44;138,00;8,44E+12
18661478;198533;Plaf?n Zone Schuller - Metal blanco luz LED;63;114,00;8,44E+12
18661554;496135;Sobremesa Oliver Schuller - Peque?o Metal cromo - LED;4;;8435435322649
18661568;496248;Sobremesa Oliver Schuller - Grande Metal cromo - LED;5;;8435435312060
18665387;301012;Lampara Artemis Schuller - Redonda LED;7;285,00;8,44E+12
18665540;E-615340;Colgante Esparta Schuller - Hilos plata luz LED;1;269,00;
18665892;481016;L?mpara Verdi Schuller - Florentina 6 luces LED;30;294,00;8,44E+12
18665931;480531/S/A;Aplique Florentino Schuller - 2 luces LED;57;;8435435304690
18672129;810637;L?mpara Palace Schuller - 22 luces clasica LED;3;1,85;8,44E+12
18710868;616148;L?mpara Crisol Schuller - 6 luces vintage - LED;5;;8435435306366
18710898;615926;Aplique Crisol Schuller - Vintage LED;90;57,00;8,44E+12
18711254;861632;Pintura Collage Blue jeans II.  SCHULLER.;16;;
18726170;E-682931;Cuadro Chandelier Schuller - Pintura lampara ara?a;1;279,00;
18738106;E-420321;Espejo Galaxia Schuller - pan de plata 77x54;0;;8435435303877
18741597;721745;Cuadro Partitura Schuller - Pintura piano;26;144,00;8,44E+12
18741636;732401;Cuadro Umbrellas Schuller - Pintura paraguas colores;16;84,00;8,44E+12
18744386;792386/20721;Consola Barroque Schuller - pata barroca cromo;45;;8435435310585
18744397;792538;Silla Barroque Schuller - Metal cromo tapizado blanco;43;162,00;8,44E+12
18754955;742215;Cuadro Summer Schuller - Pintura acrilico playa;15;93,00;8,44E+12
18755012;586107;Pintura acrilica Ucelli  90x120cm.  SCHULLER.;49;93,00;8,44E+12
18755014;772518;Cuadro Tropic Schuller - Pintura rectangular Loros;2;99,00;8,44E+12
18755030;781539;Cuadro Otto Schuller - Pintura perro con gafas;27;72,00;8,44E+12
18758366;E-890276;Cuadro Town Schuller - Pintura ciudad monocromo;1;269,00;
18761962;751213;Bajorrelieve Cubic Schuller - Cuadros Cubos;24;291,00;8,44E+12
18761977;751415;Bajorrelieve Lazos Schuller - Cuadro cristales;9;;8435435309695
18774232;118624;Espejo Dunia Schuller - Marco espejo 120x110;19;297,00;8,44E+12
18792273;163846;Espejo Claudia Schuller - Marco fino plata;2;153,00;8,44E+12
18792453;29-E02LD;Espejo Audry Schuller moderno;0;;
18792576;29-E16;Espejo Cleopatra Schuller - Veneciano 120x80;4;333,00;8,44E+12
18792706;29-E23;Espejo Midas Schuller - Veneciano 70x40;50;99,00;8,44E+12
18798678;673938;Aplique Lucia Schuller - Tulipa cristal - LED;45;38,00;8,44E+12
18820779;541450;Lampara Nova Schuller - transparente 80cm LED;12;798,00;8,44E+12
18821255;542013;Lampara Nova Schuller - transparente 50cm LED;11;339,00;8,44E+12
18876045;112512;Espejo Mercury Schuller - 5 lunas 118x44;24;126,00;8,44E+12
18876109;130963;Espejo Celia Schuller - Espejo 90x60;24;87,00;8,44E+12
18943334;682642;Colgante Swing LED Blanco. 3 tama?os  SCHULLER.;0;;
18943335;E-682518;Colgante Swing Schuller - 3 tama?os pantalla - LED;1;398,00;
18943336;682790;Colgante Swing LED Blanco. 3 tama?os  SCHULLER.;0;;
18946035;161022;Espejo Fusion Schuller - 150x110;22;432,00;8,44E+12
18967546;183201;Espejo Leila Schuller - Marco Esferas;51;96,00;8,44E+12
18967580;195381;Espejo Elisa Schuller - Vestidor de pie;32;189,00;8,44E+12
18967721;29-E07/150;Espejo Roma Schuller - rectangular 150;55;189,00;8,44E+12
18967819;29-E07/90;Espejo Roma Schuller - rectangular 90;56;138,00;8,44E+12
18967835;29-E13;Espejo Zeus Schuller - Marco escalonado;58;252,00;8,44E+12
18967884;29-E35;Espejo Alberta Schuller - Marco espejo ?80;19;219,00;8,44E+12
18967898;29-E45;Espejo Dreams Schuller - Espejos irregulares 121x80;13;;8435435302047
18967902;29-E47;Espejo Sorrento Schuller - Veneciano;3;591,00;8,44E+12
19130417;385314;Espejo Aros Schuller marco espejo ?120;91;297,00;8,44E+12
19130422;385415;Espejo Alhambra Schuller 120x87;12;234,00;8,44E+12
19130425;386113;Espejo City Schuller - Moderno 140x68;19;258,00;8,44E+12
19133870;651320;Espejo Irina Schuller - marco curvo 200x90;29;456,00;8,44E+12
19133970;651431;Espejo Curves Schuller - 160x70;10;327,00;8,44E+12
19134031;651542;Espejo Curves Schuller - 103x75;19;219,00;8,44E+12
19134398;786136;Bajorrelieve Fosil Schuller - Cuadro 60x60;47;111,00;8,44E+12
19134441;786351;Bajorrelieve Skull Schuller - Cuadro calavera espejo;6;96,00;8,44E+12
19214530;552307;Mesa de centro cristal curvado 110 cm. serie Glass. SCHULLER;7;;
19214534;552522;Mesa Glass Schuller - Mueble auxiliar cristal con ruedas;36;105,00;8,44E+12
19235808;532115;Sill?n en piel Italiana serie Amanda.   SCHULLER;2;990,00;8,44E+12
21396380;827494;Lampara Eire Schuller - 6 colgantes - Luz LED;2;;8435435317492
21418465;436218;Colgante Quasar Schuller - tulipa plata luz LED;46;90,00;8,44E+12
21418478;436462;Sobremesa Quasar Schuller - Tulipa plata luz LED;14;111,00;8,44E+12
21419786;436631;Aplique Quasar Schuller - Tulipa Cromo;26;60,00;8,44E+12
21420543;E-102048;Colgante de copens. 2 tama?os serie Elis.   SCHULLER;0;;
21420544;102219;Colgante de copens. 2 tama?os serie Elis.   SCHULLER;1;;
21524121;854275;Colgante Diva Schuller - L?mpara LED redonda;0;90,00;8,44E+12
21524263;854416N;L?mpara Diva Schuller - 3 Colgantes cuadrados LED;25;189,00;8,44E+12
21524341;854537;Lampara Diva Schuller - 4 Colgantes cuadrados LED;1;;8435435323639
21524387;854321;L?mpara Diva Schuller - 2 Colgantes ovalados LED;18;243,00;8,44E+12
21524398;854683;Aplique Diva Schuller - Abalorios cristal - LED;93;48,00;8,44E+12
21527961;736210;Lampara de pie Linur Schuller - LED graduable;49;189,00;8,44E+12
21528096;736321;Sobremesa Linur Schuller - Moderno 2 Barras LED;4;78,00;8,44E+12
21528114;736543;Lampara Linur Schuller - 2 barras iluminacion LED;7;141,00;8,44E+12
21528174;736432;Plafon Linur Schuller - 2 barras modernas con luz LED;6;;8435435317041
21528320;456342;Plaf?n Dana Schuller - Acero y cristal 3 Tama?os. Placa LED;70;63,00;8,44E+12
21528321;456231;Plaf?n Dana Schuller - Acero y cristal 3 Tama?os. Placa LED;42;99,00;8,44E+12
21528322;456120;Plaf?n Dana Schuller - Acero y cristal 3 Tama?os. Placa LED;34;132,00;8,44E+12
21528341;456453;Lampara Dana Schuller - Colgante cristal luz LED;85;135,00;8,44E+12
21528427;679215N;L?mpara Cala Schuller - 2 colgantes Iluminaci?n LED;30;192,00;8,44E+12
22249636;741563;Lampara Orbita Schuller - 4 focos de luz LED;6;147,00;8,44E+12
22250232;683759;Lampara Nao Schuller - 2 barras lineales LED;9;;8435435317003
22250280;513712;Aplique Briana Schuller - Pan de oro - LED;17;;8435435316402
22250281;513646;Lampara de techo plata 6 u 8 pantallas.    Serie Briana Schuller;6;;
22250282;513825;Lampara Briana Schuller - Pan de plata 6 u 8 pantallas;2;825,22;8435435316426
22250506;618859;Colgante Caelum Schuller - Tulipa Cobre LED;2;285,00;8,44E+12
22250511;746709;Lampara Odissey Schuller - 6 barras LED;9;232,00;8,44E+12
22250517;447510D;Lampara Anisia Schuller - 3 modulos de luz LED y mando;0;;8435435322830
22250518;447510;Lampara Anisia Schuller - 3 modulos de luz LED;23;636,00;8,44E+12
22259244;641942;Colgante Laia Schuller - tulipa azul vintage - LED;14;90,00;8,44E+12
22259263;642053;Colgante Laia Schuller - tulipa ambar vintage - LED;55;90,00;8,44E+12
22260649;563958;Plafon Mare Schuller - Lampara cromo abalorios;10;189,00;8,44E+12
22263229;257685;Lampara Laura Schuller - Colgante blanco y oro - LED;27;102,00;8,44E+12
22263286;520783;L?mpara Holandesa Schuller - Cromo 6 luces penduloques;13;288,00;8,44E+12
22545951;480531/4834;Aplique Florentino Schuller - 2 luces con pantallas;57;;8435435304683
24216765;793301;Colgante Sphere Schuller 1 bola cromo ?12cm LED;94;54,00;8,44E+12
24216773;793412;Colgante Sphere Schuller 1 bola cromo ?20cm LED;15;114,00;8,44E+12
24216778;793523;Colgante Sphere Schuller 5 bolas cromo LED;56;231,00;8,44E+12
24216782;793635;Lampara Sphere Schuller - lineal 4 bolas cromo LED;40;207,00;8,44E+12
24216790;793746;Colgante Sphere Schuller 14 bolas cromo LED;5;429,00;8,44E+12
24216798;756853;Lampara Katia Schuller - redonda Acero 14 luces LED;14;990,00;8,44E+12
24221183;756729;Lampara Katia Schuller - Acero 10 luces LED;5;498,00;8,44E+12
24238617;266753;Aplique Narisa Schuller. Rosa/blanco/cromo;16;90,00;8,44E+12
24238618;266724;Aplique Narisa Schuller. Rosa/blanco/cromo;41;93,00;8,44E+12
24238619;266782N;Aplique Narisa Schuller. Rosa/blanco/cromo;54;93,00;8,44E+12
24238879;266028;Colgante Narisa Schuller ?18cm. Rosa/cromo;66;66,00;8,44E+12
24238880;266035N;Colgante Narisa Schuller ?18cm. Rosa/cromo;130;66,00;8,44E+12
24238904;266172;Colgante Narisa Schuller ?32cm Oro Rosa.;2;123,00;8,44E+12
24239188;266426;Lampara Narisa Schuller 5 colgantes. Rosa/blanco/cromo;18;189,00;8,44E+12
24239189;266401;Lampara Narisa Schuller 5 colgantes. Rosa/blanco/cromo;1;;
24239190;266492;Lampara Narisa Schuller 5 colgantes. Rosa/blanco/cromo;6;;
24240872;266290;Colgante Narisa Schuller ?46cm. Rosa/blanco/cromo;53;192,00;8,44E+12
24240873;266284;Colgante Narisa Schuller ?46cm. Rosa/blanco/cromo;84;192,00;8,44E+12
24240874;266251N;Colgante Narisa Schuller ?46cm. Rosa/blanco/cromo;18;231,00;8,44E+12
24240881;266580;Sobremesa Narisa Schuller - Rosa/blanco/cromo;2;;8435435318833
24240882;266577;Sobremesa Narisa Schuller - Rosa/blanco/cromo;6;174,00;8,44E+12
24240883;266544N;Sobremesa Narisa Schuller - Rosa/blanco/cromo;0;165,00;8,44E+12
24240896;266630;Lampara de Pie Narisa Schuller - Rosa/blanco/cromo;7;;8435435322229
24240897;266695;Lampara de Pie Narisa Schuller - Rosa/blanco/cromo;6;297,00;8,44E+12
24240898;266616N;Lampara de Pie Narisa Schuller - Rosa/blanco/cromo;7;297,00;8,44E+12
24240905;266909;Plafon Narisa Schuller ?32cm. Rosa/blanco/cromo;26;;
24240906;266946;Plafon Narisa Schuller ?32cm. Rosa/blanco/cromo;25;147,00;8,44E+12
24240907;266973N;Plafon Narisa Schuller ?32cm. Rosa/blanco/cromo;8;147,00;8,44E+12
24240911;266847;Plafon Narisa Schuller ?46cm. Rosa/blanco/cromo;22;198,00;8,44E+12
24240912;266866;Plafon Narisa Schuller ?46cm. Rosa/blanco/cromo;34;231,00;8,44E+12
24240913;266822N;Plafon Narisa Schuller ?46cm. Rosa/blanco/cromo;15;231,00;8,44E+12
24240922;266369;Lampara Narisa Schuller - Rosa/blanco/cromo;26;;8435435318772
24422974;569120;Espejo Aurora Schuller - Espejo rectangular pan de plata;25;228,00;8,44E+12
24423304;593364;Espejo Aurora Schuller - Espejo redondo pan de plata;56;240,00;8,44E+12
24423383;794172;Espejo Sphere Schuller - Espejo semiesferas cristal;15;234,00;8,44E+12
24423389;490633;Espejo Love Schuller - Espejo bitono Love cristal;48;96,00;8,44E+12
24427947;852508;Espejo Rizos Schuller - Espejo marco rizos cristal;24;231,00;8,44E+12
24455228;654522;Lampara Aqua Schuller - Lampara lineal 3 colgantes;8;;8435435319748
24455317;654639;Lampara Aqua Schuller - Lampara redonda 3 colgantes;38;197,00;8,44E+12
24459317;29-E07/178;Espejo Roma Schuller - 178x80;48;330,00;8,44E+12
24459414;195627;Espejo Elisa Schuller - Marco espejos 105x74;48;111,00;8,44E+12
24459503;287506;Espejo N?car Schuller - Espejo 120x80 marco nacar;13;177,00;8,44E+12
24472638;924713;Espejo Avenue Schuller - Marco Espejo 80x120;68;132,00;8,44E+12
24590099;783753;L?mpara Rocio Schuller - 3 Colgantes cromo LED;29;150,00;8,44E+12
26018694;783618;L?mpara Rocio Schuller - Lineal 5 luces Cromo LED;21;243,00;8,44E+12
27088376;124011;Plafon Quios Schuller - ?46cm. blanco LED.;50;120,00;8,44E+12
27088512;E-568581;Lampara Anastasia Schuller - colgante ? 50cm. LED;2;274,00;8435435320577
27088519;568672;Lampara Anastasia Schuller - 3 colgantes ? 62cm. LED;18;276,00;8,44E+12
27095467;625211;Lampara Flavia Schuller - Lineal 4 bolas LED;7;147,00;8,44E+12
27095708;625432;Lampara Flavia Schuller - colgante cromo bola LED;17;38,00;8,44E+12
27095746;625654;Plafon Flavia Schuller - Lampara 4 luces bola LED;6;116,00;8,44E+12
27095770;625769;Aplique Flavia Schuller - Cromo bola LED;8;38,00;8,44E+12
27103211;793091;Lampara Sphere Schuller - colores 9 bolas LED;10;411,00;8,44E+12
27103283;793258;Colgante Sphere Schuller 14 bolas colores LED;45;636,00;8,44E+12
27590332;793429;Colgante Sphere Schuller - ? 12cm tono laton;20;63,00;8,44E+12
27590344;793534;Lampara Sphere Schuller - 5 colgantes colores LED;16;243,00;8,44E+12
27590450;793659;Lampara Sphere Schuller - 4 colgantes colores LED;1;210,00;8,44E+12
27590517;794017;Plafon Sphere Schuller - Lampara 3 Bolas cromo LED;7;132,00;8,44E+12
27590758;794025;Plafon Sphere Schuller - Lampara 3 Bolas multicolor LED;0;141,00;8,44E+12
27590815;794496;Sobremesa Sphere Schuller - ?12cm Tono laton Luz LED;12;60,00;8,44E+12
27590957;794539;Sobremesa Sphere Schuller - ?20cm Tono laton Luz LED;18;126,00;8,44E+12
27591646;507939D;Plafon Argos Schuller - Plafon ?40cm espejo Argos - con mando;0;195,00;8,44E+12
27591647;507939;Plafon Argos Schuller - Plafon ?40cm espejo Argos;45;159,00;8,44E+12
27763561;793269D;Lampara Sphere Schuller - 14 Colgantes cromo LED dimable;0;642,00;8,44E+12
27763562;793269;Lampara Sphere Schuller - 14 Colgantes cromo LED dimable;14;612,00;8,44E+12
30534264;373091;Colgante Varas Schuller - acabado Oro 1 luz LED;32;45,00;8,44E+12
30534688;373084;Colgante Varas Schuller - acabado cromo 1 luz LED;34;42,00;8,44E+12
30534988;373075;Colgante Varas Schuller - acabado blanco 1 luz LED;0;33,00;8,44E+12
30535105;373067;Colgante Varas Schuller - acabado negro mate 1 luz LED;0;33,00;8,44E+12
30537220;373579;Sobremesa Varas Schuller - Negro mate y oro 2 Luces LED;16;69,00;8,44E+12
30537227;373581;Sobremesa Varas Schuller - Blanco mate y cromo 2 Luces LED;14;69,00;8,44E+12
30537237;373599;Sobremesa Varas Schuller - Blanco mate y oro 2 Luces LED;196;75,00;8,44E+12
30537241;373614;L?mpara de pie Varas Schuller - Blanco mate y oro 2 Luces LED;70;120,00;8,44E+12
30537244;373629;L?mpara de pie Varas Schuller - Blanco mate y cromo 2 Luces LED;70;117,00;8,44E+12
30537247;373685;L?mpara de pie Varas Schuller - Negro mate y oro 2 Luces LED;15;114,00;8,44E+12
30537258;786716;Lampara Colette Schuller - Oro Rosado 60cm ?.  Luz LED;4;174,00;8,44E+12
30537270;786831;Lampara Colette Schuller - Cromo 60cm ?.  Luz LED;7;183,00;8,44E+12
30538749;373378D;Lampara Varas Schuller -  Blanco y cromo 11 luces LED - Con Mando;1;282,00;8,44E+12
30538750;373378;Lampara Varas Schuller -  Blanco y cromo 11 luces LED - Con Mando;36;252,00;8,44E+12
30538823;373437D;Lampara Varas Schuller - Blanco y oro 14 luces LED - Con Mando;1;393,00;8,44E+12
30538824;373437;Lampara Varas Schuller - Blanco y oro 14 luces LED;3;363,00;8,44E+12
30538832;373142D;Lampara Varas Schuller -  Negro mate y oro 5 Luces LED Con Mando;0;180,00;8,44E+12
30538833;373142;Lampara Varas Schuller -  Negro mate y oro 5 Luces LED;35;150,00;8,44E+12
30538861;373416D;Lampara Varas Schuller -  Blanco y cromo 14 luces LED Con Mando;0;366,00;8,44E+12
30538862;373416;Lampara Varas Schuller -  Blanco y cromo 14 luces LED;0;336,00;8,44E+12
30538873;373123D;Lampara Varas Schuller - Blanco mate y cromo 5 Luces LED Con Mando;0;162,00;8,44E+12
30538874;373123;Lampara Varas Schuller - Blanco mate y cromo 5 Luces LED;69;132,00;8,44E+12
30538892;373101D;Lampara Varas Schuller - Blanco mate y oro 5 Luces LED Con Mando;1;180,00;8,44E+12
30538893;373101;Lampara Varas Schuller - Blanco mate y oro 5 Luces LED;93;150,00;8,44E+12
30538901;373261D;Lampara Varas Schuller -  Blanco y cromo 9 Luces LED Con Mando;0;249,00;8,44E+12
30538902;373261;Lampara Varas Schuller -  Blanco y cromo 9 Luces LED;24;219,00;8,44E+12
30538939;373342D;Lampara Varas Schuller -  Blanco y oro 11 luces LED Con Mando;0;297,00;8,44E+12
30538940;373342;Lampara Varas Schuller -  Blanco y oro 11 luces LED;26;270,00;8,44E+12
30538954;373250D;Lampara Varas Schuller -  Blanco y oro 9 Luces LED Con Mando;0;267,00;8,44E+12
30538955;373250;Lampara Varas Schuller -  Blanco y oro 9 Luces LED;54;237,00;8,44E+12
30549946;377485;L?mpara colgante Lipse Schuller -  cromo 7L. LED.;7;144,00;8,44E+12
30550104;377523;L?mpara colgante Lipse Schuller - acabado cromo 5L. LED.;10;120,00;8,44E+12
30550229;377934;L?mpara espiral Lipse Schuller - 9L. LED.;46;198,00;8,44E+12
30550304;377101;L?mpara colgante Lipse Schuller - acabado cromo 1L. LED.;57;30,00;8,44E+12
30550401;773421;L?mpara colgante Elie Schuller - acabado cromo 4L. LED.;20;159,00;8,44E+12
30551319;773572;L?mpara colgante Elie Schuller - acabado cromo 5L. LED.;17;195,00;8,44E+12
30551360;394460;L?mpara colgante Taccia Schuller - acabado cromo 4L. LED.;7;138,00;8,44E+12
30556690;394318;L?mpara colgante Taccia Schuller - acabado cromo 1L. LED.;34;51,00;8,44E+12
30556744;394529;L?mpara colgante Taccia Schuller -  6 colgantes. LED.;27;207,00;8,44E+12
30556797;394647;L?mpara colgante Taccia Schuller - 38cm ?. 6L. LED.;3;186,00;8,44E+12
30561181;345381;L?mpara colgante Izar Schuller - negro cromo 4L. LED.;4;147,00;8,44E+12
30561274;584214;L?mpara colgante Nebula Schuller - 4 luces LED. Cromo;18;159,00;8,44E+12
30561288;584102;L?mpara colgante Nebula Schuller - 1 luz LED. Cromo;87;54,00;8,44E+12
30569922;281483;Plafon Laris Schuller - acabado cromo  43cm. ?. luz LED;95;162,00;8,44E+12
30570084;281096;Aplique pared Laris Schuller - acabado cromo  luz LED;41;84,00;8,44E+12
30570173;584659;Aplique pared Nebula Schuller - 1 luz LED. Cromo;26;51,00;8,44E+12
30570330;493826;L?mpara sobremesa Nebula Schuller - 1 luz LED. Cromo;69;57,00;8,44E+12
30570342;345509D;L?mpara colgante Altais Schuller - negro cromo 9L. LED. Con Mando;3;261,00;8,44E+12
30570343;345509;L?mpara colgante Altais Schuller - negro cromo 9L. LED.;33;228,00;8,44E+12
30570354;346810;L?mpara regleta Adame Schuller - negro y oro 3L. LED;6;99,00;8,44E+12
30570360;346028;L?mpara colgante Adame Schuller - Blanco y plata 1L. LED;110;30,00;8,44E+12
30570375;346766;L?mpara colgante Adame Schuller - Blanco y plata 3L. LED;15;99,00;8,44E+12
30570392;584438D;L?mpara colgante Nebula Schuller - 5 luces LED. Cromo;4;228,00;8,44E+12
30570393;584438;L?mpara colgante Nebula Schuller - 5 luces LED. Cromo;4;186,00;8,44E+12
30570412;346011;L?mpara colgante Adame Schuller - Negro y oro 1L. LED;20;30,00;8,44E+12
30570422;584541D;L?mpara colgante Nebula Schuller - 12 luces LED. Cromo;14;519,00;8,44E+12
30570423;584541;L?mpara colgante Nebula Schuller - 12 luces LED. Cromo;12;468,00;8,44E+12
30570434;346109;L?mpara de pie Adame Schuller - Negro y oro 1L. LED;24;60,00;8,44E+12
30570438;346115;L?mpara de pie Adame Schuller - Blanco y plata 1L. LED;3;60,00;8,44E+12
30570444;346246;L?mpara de pie Adame Schuller - Blanco y plata 3L. LED;13;138,00;8,44E+12
30570449;346230;L?mpara de pie Adame Schuller - Negro y oro 3L. LED;0;138,00;8,44E+12
30570451;346357;Sobremesa Flexo Adame Schuller - Negro y oro 1L. LED;15;60,00;8,44E+12
30571252;346382;Sobremesa Flexo Adame Schuller - Blanco y oro 1L. LED;77;60,00;8,44E+12
30571271;346573;Aplique pared Adame Schuller - Negro y oro 1L. LED;60;30,00;8,44E+12
30571280;346596;Aplique pared Adame Schuller - blanco y plata 1L. LED;48;30,00;8,44E+12
30571281;281275D;Colgante Laris Schuller - acabado cromo  62cm. ?. luz LED;0;261,00;8,44E+12
30571282;281275;Colgante Laris Schuller - acabado cromo  62cm. ?. luz LED;79;231,00;8,44E+12
30571295;281360D;Colgante Laris Schuller - acabado cromo  82cm. ?. luz LED;0;483,00;8,44E+12
30571296;281360;Colgante Laris Schuller - acabado cromo  82cm. ?. luz LED;74;453,00;8,44E+12
30571349;753321;L?mpara Limus Schuller - acero inoxidable pulido luz LED;3;573,00;8,44E+12
30571371;346724;L?mpara colgante Adame Schuller - Negro y oro 3L. LED;0;99,00;8,44E+12
30571374;753319;L?mpara colgante Limus Schuller - ba?o dorado  luz LED;38;630,00;8,44E+12
30571397;495872;L?mpara Cuadros Schuller - acabado cromo brillo luz LED;29;216,00;8,44E+12
30571401;495703;L?mpara Cuadros Schuller - acabado cromo brillo luz LED;35;144,00;8,44E+12
30572300;785194;L?mpara Plafon Quasar Schuller - Con mando 45cm ? LED;34;87,00;8,44E+12
30572307;785263;L?mpara Plafon Quasar Schuller - Con mando 80cm ? LED;41;144,00;8,44E+12
30572308;673699;L?mpara Plafon Quasar Schuller - Con mando 80cm ? LED;38;87,00;8,44E+12
30586523;853804;Cuadro Geisha Schuller - Cuadro fotograf?a impresa Geisha;7;126,00;8,44E+12
30586638;880138;Cuadro Colores Schuller - Cuadro fotograf?a impresa Colores;0;99,00;8,44E+12
30586650;921688;Cuadro Simbiosis Schuller - Cuadro fotograf?a impresa;7;99,00;8,44E+12
30586663;861298;Cuadro Quebrada Schuller - Cuadro fotograf?a impresa;6;99,00;8,44E+12
30586667;899925;Cuadro Comic Schuller - Cuadro fotograf?a impresa Comic;30;99,00;8,44E+12
30586674;826198;Cuadro Marea Baja Schuller - Cuadro fotograf?a impresa;32;99,00;8,44E+12
30586691;775922;Cuadro The Empire State Schuller - Cuadro fotograf?a impresa;13;99,00;8,44E+12
30593947;729040;Cuadro Rascacielos Schuller - Cuadro fotograf?a impresa;41;99,00;8,44E+12
30593984;819374;Cuadro Gotica Schuller - Cuadro fotograf?a impresa Gotica;23;99,00;8,44E+12
30594018;978153;Cuadro Oronegro Schuller - Cuadro fotograf?a impresa;60;87,00;8,44E+12
30594062;748472;Cuadro Mujer Dorada Schuller - Cuadro fotograf?a impresa;27;147,00;8,44E+12
30594075;978245;Cuadro ?bano Schuller - Cuadro fotograf?a impresa Ebano;71;99,00;8,44E+12
30594124;770916;Cuadro Streets Schuller - Cuadro pintura acrilica Schuller;33;123,00;8,44E+12
30594140;316704;Cuadro Vesta Schuller - Lienzo impreso Vesta de  Schuller;18;147,00;8,44E+12
30594150;316918;Cuadro Tal?a Schuller - Lienzo impreso Tal?a de  Schuller;38;147,00;8,44E+12
30594160;421862;Cuadro Himba Schuller - Lienzo impreso Himba de  Schuller;27;147,00;8,44E+12
