idoxatis;sku;nombre;stock;pvpventa;pvprecomendado;ean;visible;proveedor
18519400;E-613144;Lámpara Etna Schuller - Lampara 6 luces pantallas;1;274,00;359;;1;SCHULLER
18520570;174213;Plafon Andromeda Schuller - Pantalla abalorios - LED;18;187,00;;8,43544E+12;1;SCHULLER
18520573;174631;Aplique Andromeda Schuller - Bolas cromo - LED;46;110,00;;8,43544E+12;1;SCHULLER
18521192;E-147538;Sobremesa Elsa Schuller - Pan de plata pantalla;0;158,00;;;0;SCHULLER
18522497;E-357586;Sobremesa perro ver Puppy - Schuller;20;30,00;45;;1;SCHULLER
18522585;E-357591;Sobremesa perro azul Puppy - Schuller;4;35,00;;;1;SCHULLER
18522635;840842/2061;Mesa centro Time Schuller - cristal pata ondas;13;797,00;;;1;SCHULLER
18522826;E-471619;Aplique Mol schuller - 6 luces LED;1;111,00;134;;1;SCHULLER
18523091;821629;Mesa Calima Schuller - Mueble auxiliar acero 60 cm;12;422,00;;8,43544E+12;1;SCHULLER
18523138;821437;Consola Calima Schuller - Acero inoxidable;48;893,00;;8,43544E+12;1;SCHULLER
18523139;E-256023;Mecedora Ibiza Schuller - Mecedora exterior negra;1;139,05;204,49;;1;SCHULLER
18523827;174414;Sobremesa Andromeda Schuller - cromo pantalla - LED;29;115,00;;8,43544E+12;1;SCHULLER
18523953;174112;Lampara Andromeda Schuller - Colgante Ø60cm - LED;5;466,00;;8,43544E+12;1;SCHULLER
18524808;174011;Lampara Andromeda Schuller - Colgante Ø45cm - LED;32;264,00;;8,43544E+12;1;SCHULLER
18524906;586423bl;Sobremesa Blanco Cargador Movil con altavoz - Schuller;0;79,96;135,52;;1;SCHULLER
18524908;586423ng;Sobremesa Negro Cargador Movil con altavoz - Schuller;0;79,96;135,52;;1;SCHULLER
18524979;664443/7376;Sobremesa Terra Schuller - Pan de oro pantalla - LED;1;173,00;;8,43544E+12;1;SCHULLER
18526139;661530p-ca;SOBREMESA SERIE DECO. Oro/Plata/Marron ;0;115,00;;;0;SCHULLER
18526141;661530p-p;SOBREMESA SERIE DECO. Oro/Plata/Marron ;0;120,00;;;0;SCHULLER
18526142;661530o-c;SOBREMESA SERIE DECO. Oro/Plata/Marron ;0;130,00;;;0;SCHULLER
18526143;661530m-p;SOBREMESA SERIE DECO. Oro/Plata/Marron ;0;144,00;;;0;SCHULLER
18526146;661530c-c;SOBREMESA SERIE DECO. Oro/Plata/Marron ;0;144,00;;;0;SCHULLER
18528082;664228;Lampara Deco Schuller - Pan de plata pantalla - LED;1;187,00;;;1;SCHULLER
18528358;E-463613;Lampara Luppo Schuller - Lineal abalorios cristal - LED;1;229,00;425;;1;SCHULLER
18593248;508030;Plafon Argos Schuller - Plafon Ø50cm espejo Argos;68;432,00;475;8,43544E+12;1;SCHULLER
18593252;508718;Colgante Argos Schuller - Lampara de Ø40cm LED;185;278,00;317;8,43544E+12;1;SCHULLER
18593253;508111;Colgante Argos Schuller - Lampara de Ø50cm LED;206;446,00;;8,43544E+12;1;SCHULLER
18593258;509010;Colgante Argos Schuller - Colgante de Ø22cm LED;156;106,00;125;8,43544E+12;1;SCHULLER
18593261;508222;Sobremesa Argos Schuller - Tulipa espejo grande - LED;59;317,00;;8,43544E+12;1;SCHULLER
18593279;508516;Sobremesa Argos Schuller - Tulipa espejo pequeño - LED;65;187,00;211;8,43544E+12;1;SCHULLER
18593293;509213;Lampara Argos Schuller - Lampara linea 3 tulipas - LED;5;307,00;374;8,43544E+12;1;SCHULLER
18593317;509327;Aplique Argos Schuller -Tulipa Espejo;116;134,00;;8,43544E+12;1;SCHULLER
18593623;876241;Colgante Ariadna Schuller - Transparente. 2 tamaños;0;451,00;;8,43544E+12;1;SCHULLER
18593624;876113;Colgante Ariadna Schuller - Transparente. 2 tamaños;2;557,00;;8,43544E+12;1;SCHULLER
18593627;876295;Colgante Ariadna Schuller - champagne Ø53cm;0;389,00;;;1;SCHULLER
18593628;876124;Colgante Ariadna Schuller - champagne Ø66cm;9;667,00;;8,43544E+12;1;SCHULLER
18593632;876352;Plafón Ariadna Schuller - transparente 53 cm LED;2;408,00;;8,43544E+12;1;SCHULLER
18593635;876360;Plafón Ariadna Schuller - Cristales champagne 53 cm - LED;10;432,00;;8,43544E+12;1;SCHULLER
18594519;193091;Aplique Arian Schuller - tulipa espejo - LED;200;72,00;;8,43544E+12;1;SCHULLER
18594540;193273;Lámpara Arian Schuller - 1 Colgante espejo - LED;175;72,00;;8,43544E+12;1;SCHULLER
18594553;193364;Lámpara Arian Schuller - 5 Colgantes espejo - LED;68;269,00;;8,43544E+12;1;SCHULLER
18594557;193453;Lámpara Arian Schuller - 7 Colgantes espejo - LED;111;365,00;;8,43544E+12;1;SCHULLER
18594564;193539;Lampara Arian Schuller - 5 colgantes espejo - LED;77;269,00;;8,43544E+12;1;SCHULLER
18594649;874426;Lampara Aruma Schuller - 2 barras LED;3;595,00;;8,43544E+12;1;SCHULLER
18595365;696318;Plafón Bruma Schuller - Semiplafón almendros LED;15;1051,00;;8,43544E+12;1;SCHULLER
18595381;860218;Colgante Bubble Schuller - Tulipa doble luz LED;126;106,00;;8,43544E+12;1;SCHULLER
18595387;E-860117;Lampara Bubble Schuller - 4 colgantes en linea - LED;3;374,00;;;1;SCHULLER
18595408;E-735836;Lampara Coras Schuller - Colgante blanco y plata - LED;1;259,00;394;;1;SCHULLER
18599006;827523;Sobremesa Cosmo Schuller - Cromo 2 barras LED;43;158,00;;8,43544E+12;1;SCHULLER
18599029;827746;Colgante Cosmos Schuller - Cromo luz LED;73;101,00;;;1;SCHULLER
18616564;E-827968;Lampara Cosmo schuller - 3 Barras de luz LED;1;370,00;;;1;SCHULLER
18616578;827635;Lámpara de pie Cosmo Schuller - 2 barras LED;39;374,00;;8,43544E+12;1;SCHULLER
18616789;152461;Colgante Cronos Schuller - Cromo Ø60cm LED;1;389,00;;8,43544E+12;1;SCHULLER
18623316;183653;Aplique Cube Schuller - 1 luz LED;43;58,00;;8,43544E+12;1;SCHULLER
18623325;183542;Sobremesa serie Cube Schuller - Tulipa blanca - LED;27;62,00;;8,43544E+12;1;SCHULLER
18623346;183320;Plafón Cube Schuller - 4 luces tulipas doble - LED;40;178,00;;8,43544E+12;1;SCHULLER
18623354;183431;Lampara Cube Schuller - 4 tulipas en linea - LED;24;173,00;;8,43544E+12;1;SCHULLER
18623380;571034G9;Aplique Cubic Schuller - 2 luces cristal - LED;56;120,00;;8,43544E+12;1;SCHULLER
18623830;508323;Aplique Diamond Schuller - Abalorios cristal;27;130,00;;8,43544E+12;1;SCHULLER
18623878;508931;Lámpara de pie Diamond Schuller - Abalorios - LED;23;475,00;;8,43544E+12;1;SCHULLER
18623895;507413;Colgante Diamond Schuller - Abalorios cristal - 24cm LED;9;149,00;;8,43544E+12;1;SCHULLER
18623899;507514;Lampara Diamond Schuller - Abalorios cristal - 54cm LED;20;557,00;;8,43544E+12;1;SCHULLER
18623910;E-508821;Lampara Diamond Schuller - Ovalada cristal - LED;-1;445,00;571;8,43544E+12;1;SCHULLER
18623917;507039;Plafón Diamond Schuller - Abalorios cristal - 2 tamaños;8;302,00;;8,43544E+12;1;SCHULLER
18623918;507130;Plafón Diamond Schuller - Abalorios cristal - 2 tamaños;32;442,00;;8,43544E+12;1;SCHULLER
18625074;49441583/7611;Lampara Domo Schuller - Colgante pantalla blanca - LED;8;638,00;;8,43544E+12;1;SCHULLER
18625163;69441581/7608;Plafon Domo Schuller - Cadenas pantalla blanca;45;437,00;475;8,43544E+12;1;SCHULLER
18625168;89431589/7443;Aplique Domo Schuller - Pantalla Beige LED;25;240,00;;8,43544E+12;1;SCHULLER
18625453;506736;Plafón Eclipse Schuller - 4 luces tulipas doble - LED;92;168,00;;8,43544E+12;1;SCHULLER
18625483;506847;Aplique Eclipse Schuller - Doble tulipa bola - Luz LED;198;48,00;;8,43544E+12;1;SCHULLER
18625562;506514;Lampara Eclipse Schuller - 4 tulipas en linea - LED;110;178,00;;8,43544E+12;1;SCHULLER
18625610;506625;Sobremesa Eclipse Schuller - Cromo bola - LED;89;53,00;;8,43544E+12;1;SCHULLER
18630926;711021;Aplique Eloise Schuller - Barras cristal - LED;82;149,00;;8,43544E+12;1;SCHULLER
18631226;711132;Plafón Eloise Schuller - Barras cristal - Luz LED;5;586,00;;8,43544E+12;1;SCHULLER
18631275;579814G9;Lámpara Espiral Schuller - colgante 1 bola - LED;9;955,00;;8,43544E+12;1;SCHULLER
18631330;674125;Lámpara colgante de techo Egea. 2 Tamaños.  SCHULLER.;8;250,00;;;1;SCHULLER
18631331;E-674238;Lámpara colgante de techo Egea. 2 Tamaños.  SCHULLER.;1;279,00;379;;1;SCHULLER
18631333;579930G9;Lámpara Espiral Schuller - colgante 3 bolas - LED;2;2357,00;;8,43544E+12;1;SCHULLER
18631809;391329;Sobremesa serie Flash Schuller - Tulipa abalorios -LED;65;82,00;;8,43544E+12;1;SCHULLER
18631825;391540;Plafón Flash Schuller - 4 luces tulipas doble - LED;69;197,00;;8,43544E+12;1;SCHULLER
18631828;391218;Aplique flash Schuller - abalarios cristal;27;62,00;;8,43544E+12;1;SCHULLER
18631829;391870;Aplique Flash Schuller - 2 luces LED;73;115,00;;8,43544E+12;1;SCHULLER
18631831;391653;Lampara Flash Schuller - 4 tulipas en linea - LED;43;216,00;;8,43544E+12;1;SCHULLER
18631836;653422;Lámpara Fox Schuller - 4 colgantes vintage LED;110;350,00;;8,43544E+12;1;SCHULLER
18631837;653608;Colgante Fox Schuller - Vintage 1 tulipa - LED;128;110,00;;8,43544E+12;1;SCHULLER
18637566;690217;Lámpara Estratos Schuller - 3 bolas abalorios - LED;5;2002,00;;8,43544E+12;1;SCHULLER
18640663;535190;Colgante Ishara Schuller - Vintage plata - LED;49;158,00;;8,43544E+12;1;SCHULLER
18640717;648175;Lampara Isis Schuller - Colgante Ø58cm oro - LED;4;350,00;;8,43544E+12;1;SCHULLER
18640759;E-648091;Lampara Isis Schuller - Colgante blanco oro - LED;1;219,00;249;;1;SCHULLER
18640792;648362;Aplique Isis Schuller - Blanco y oro - LED;3;86,00;;8,43544E+12;1;SCHULLER
18640822;648436;Sobremesa Isis Schuller - blanco oro luz LED;35;110,00;;8,43544E+12;1;SCHULLER
18641989;E-463310G9;Semiplafón Luppo Schuller - Abalorios cristal luz LED;1;262,00;317;;1;SCHULLER
18642125;E-463411G9;Lampara Luppo Schuller - cromo pantalla - LED;1;269,00;354;;1;SCHULLER
18642291;661418;Sobremesa Mercury Schuller grande cromo pantalla;88;115,00;;8,43544E+12;1;SCHULLER
18642340;661917;Lampara de Pie Mercury Schuller - Cromo pantalla - LED;20;346,00;;8,43544E+12;1;SCHULLER
18642827;392742;Lampara Kira Schuller - Colgante blanco - LED;17;304,00;;8,43544E+12;1;SCHULLER
18644721;872611;Lampara Minerva Schuller - Imperio cromo Ø35cm 6L;9;542,00;;8,43544E+12;1;SCHULLER
18644729;872853;Lampara Minerva Schuller - Imperio cromo Ø55cm 10L;28;1219,00;;8,43544E+12;1;SCHULLER
18644759;872941;Lampara Minerva Schuller - Imperio cromo Ø68cm 12L;10;1690,00;;8,43544E+12;1;SCHULLER
18644765;872712;Aplique Minerva Schuller - cadenas de metal;25;206,00;;8,43544E+12;1;SCHULLER
18644809;872593;Plafón Minerva Schuller - Lampara imperio 45cm LED;15;763,00;;8,43544E+12;1;SCHULLER
18644811;872469;Plafón Minerva Schuller - Lampara imperio 68cm LED;3;1426,00;;8,43544E+12;1;SCHULLER
18647073;662110;Sobremesa Mercury Schuller pequeño cromo pantalla;20;91,00;;8,43544E+12;1;SCHULLER
18647119;663554;Colgante Mercury Schuller - Pantalla plata Ø50cm. LED;19;202,00;;8,43544E+12;1;SCHULLER
18647240;663676;Aplique Mercury Schuller - Bolas Transparentes;23;106,00;;8,43544E+12;1;SCHULLER
18647267;664115;Lámpara Mercury Schuller - pantalla ovalada - LED;2;317,00;;8,43544E+12;1;SCHULLER
18650299;160320;Aplique Onda Schuller - Abalorios cristal - LED;75;77,00;;8,43544E+12;1;SCHULLER
18651752;124346;Lámpara Quios Schuller - 46cm. Ø luz LED;44;250,00;;8,43544E+12;1;SCHULLER
18651756;124465;Lámpara Quios Schuller - 54cm. Ø luz LED;20;293,00;;8,43544E+12;1;SCHULLER
18651793;E-164201;Lámpara Rex Schuller - Circular 6 brazos - LED;1;259,00;339;;1;SCHULLER
18651816;E-164322;Lámpara Rex Schuller - 4 focos malla metal - LED;1;165,00;216;;1;SCHULLER
18651829;E-164687;Aplique Rex Schuller - Cromo 2 tulipas - LED;2;81,00;119;8,43544E+12;1;SCHULLER
18651841;783517;Lámpara Rocio Schuller - 5 Colgantes cromo LED;54;365,00;;8,43544E+12;1;SCHULLER
18651844;783529;Lampara Rocio Schuller - 5 Colgantes oro - LED;6;384,00;;8,43544E+12;1;SCHULLER
18651864;784326;Colgante Rocio Schuller - metal cromo 1 luz LED;61;91,00;;8,43544E+12;1;SCHULLER
18651871;784347;Colgante Rocio Schuller - metal dorado 1 luz LED;33;101,00;;8,43544E+12;1;SCHULLER
18651874;785635;Lámpara Rocio Schuller - 14 Colgantes cromo LED;3;1027,00;;8,43544E+12;1;SCHULLER
18652312;160563;Plafón Saten Schuller - Lampara abalorios 43cm;40;302,00;;8,43544E+12;1;SCHULLER
18653200;160674;Plafón Saten Schuller - Lampara abalorios 55cm;59;475,00;;8,43544E+12;1;SCHULLER
18653991;161461;Sobremesa Saten Schuller - Pantalla abalorios - LED;33;288,00;;8,43544E+12;1;SCHULLER
18654009;160785;Aplique Saten Schuller - Abalorios cristal - LED;54;91,00;;8,43544E+12;1;SCHULLER
18654070;E-471724;Sobremesa Minos Schuller - Pan de plata - LED;1;149,00;178;;1;SCHULLER
18657248;E-532475;Lámpara Star Schuller - Ovalada con abalorios - LED;1;489,00;787;;1;SCHULLER
18661149;E-676346;Lámpara Vega Schuller - 3 Colgantes blancos LED;1;162,00;235;;1;SCHULLER
18661290;E-581623;Lampara Xenia Schuller - Picos blancos - LED;1;221,00;418;;1;SCHULLER
18661441;198321;Lampara Zone Schuller - Colgante blanco - LED;57;221,00;;8,43544E+12;1;SCHULLER
18661478;198533;Plafón Zone Schuller - Metal blanco luz LED;41;182,00;;8,43544E+12;1;SCHULLER
18661554;496135;Sobremesa Oliver Schuller - Pequeño Metal cromo - LED;4;120,00;;8,43544E+12;1;SCHULLER
18661568;496248;Sobremesa Oliver Schuller - Grande Metal cromo - LED;5;158,00;;8,43544E+12;1;SCHULLER
18665387;301012;Lampara Artemis Schuller - Redonda LED;9;456,00;;8,43544E+12;1;SCHULLER
18665540;E-615340;Colgante Esparta Schuller - Hilos plata luz LED;1;229,00;269;;1;SCHULLER
18665892;481016;Lámpara Verdi Schuller - Florentina 6 luces LED;50;470,00;;8,43544E+12;1;SCHULLER
18665931;480531/S/A;Aplique Florentino Schuller - 2 luces LED;57;144,00;;8,43544E+12;1;SCHULLER
18672129;810637;Lámpara Palace Schuller - 22 luces clasica LED;5;2952,00;2952;8,43544E+12;1;SCHULLER
18710868;616148;Lámpara Crisol Schuller - 6 luces vintage - LED;5;475,00;;8,43544E+12;0;SCHULLER
18710898;615926;Aplique Crisol Schuller - Vintage LED;103;91,00;;8,43544E+12;1;SCHULLER
18711254;861632; Pintura Collage Blue jeans II.  SCHULLER.;16;67,00;;;0;SCHULLER
18726170;E-682931;Cuadro Chandelier Schuller - Pintura lampara araña;1;185,00;279;;1;SCHULLER
18738106;E-420321;Espejo Galaxia Schuller - pan de plata 77x54;0;125,00;;8,43544E+12;1;SCHULLER
18741597;721745;Cuadro Partitura Schuller - Pintura piano;15;230,00;;8,43544E+12;1;SCHULLER
18741636;732401;Cuadro Umbrellas Schuller - Pintura paraguas colores;15;134,00;;8,43544E+12;1;SCHULLER
18744386;792386/20721;Consola Barroque Schuller - pata barroca cromo;45;710,00;;8,43544E+12;1;SCHULLER
18744397;792538;Silla Barroque Schuller - Metal cromo tapizado blanco;192;259,00;;8,43544E+12;1;SCHULLER
18754955;742215;Cuadro Summer Schuller - Pintura acrilico playa;33;149,00;;8,43544E+12;1;SCHULLER
18755012;586107;Pintura acrilica Ucelli  90x120cm.  SCHULLER.;67;149,00;;;1;SCHULLER
18755014;772518;Cuadro Tropic Schuller - Pintura rectangular Loros;35;158,00;;8,43544E+12;1;SCHULLER
18755030;781539;Cuadro Otto Schuller - Pintura perro con gafas;28;115,00;;8,43544E+12;1;SCHULLER
18758366;E-890276;Cuadro Town Schuller - Pintura ciudad monocromo;1;209,00;269;;1;SCHULLER
18761962;751213;Bajorrelieve Cubic Schuller - Cuadros Cubos;42;466,00;;;1;SCHULLER
18761977;751415;Bajorrelieve Lazos Schuller - Cuadro cristales;9;566,00;;8,43544E+12;1;SCHULLER
18774232;118624;Espejo Dunia Schuller - Marco espejo 120x110;3;475,00;;8,43544E+12;1;SCHULLER
18792273;163846;Espejo Claudia Schuller - Marco fino plata;26;245,00;;;1;SCHULLER
18792453;29-E02LD;Espejo Audry Schuller moderno;0;288,00;;;0;SCHULLER
18792576;29-E16;Espejo Cleopatra Schuller - Veneciano 120x80;5;533,00;;8,43544E+12;1;SCHULLER
18792706;29-E23;Espejo Midas Schuller - Veneciano 70x40;55;158,00;;8,43544E+12;1;SCHULLER
18798678;673938;Aplique Lucia Schuller - Tulipa cristal - LED;47;77,00;;8,43544E+12;1;SCHULLER
18820779;541450;Lampara Nova Schuller - transparente 80cm LED;17;1277,00;;8,43544E+12;1;SCHULLER
18821255;542013;Lampara Nova Schuller - transparente 50cm LED;17;542,00;;8,43544E+12;1;SCHULLER
18876045;112512;Espejo Mercury Schuller - 5 lunas 118x44;22;202,00;;;1;SCHULLER
18876109;130963;Espejo Celia Schuller - Espejo 90x60;37;139,00;;8,43544E+12;1;SCHULLER
18943334;682642;Colgante Swing LED Blanco. 3 tamaños  SCHULLER.;0;312,00;;;0;SCHULLER
18943335;E-682518;Colgante Swing Schuller - 3 tamaños pantalla - LED;1;325,00;398;;1;SCHULLER
18943336;682790;Colgante Swing LED Blanco. 3 tamaños  SCHULLER.;0;398,00;;;0;SCHULLER
18946035;161022;Espejo Fusion Schuller - 150x110;13;691,00;;8,43544E+12;1;SCHULLER
18967546;183201;Espejo Leila Schuller - Marco Esferas;54;154,00;;8,43544E+12;1;SCHULLER
18967580;195381;Espejo Elisa Schuller - Vestidor de pie;39;302,00;;8,43544E+12;1;SCHULLER
18967721;29-E07/150;Espejo Roma Schuller - rectangular 150;85;302,00;;8,43544E+12;1;SCHULLER
18967819;29-E07/90;Espejo Roma Schuller - rectangular 90;51;221,00;;8,43544E+12;1;SCHULLER
18967835;29-E13;Espejo Zeus Schuller - Marco escalonado;54;403,00;;8,43544E+12;1;SCHULLER
18967884;29-E35;Espejo Alberta Schuller - Marco espejo Ø80;34;350,00;;8,43544E+12;1;SCHULLER
18967898;29-E45;Espejo Dreams Schuller - Espejos irregulares 121x80;13;466,00;;8,43544E+12;1;SCHULLER
18967902;29-E47;Espejo Sorrento Schuller - Veneciano;5;946,00;;8,43544E+12;1;SCHULLER
19130417;385314;Espejo Aros Schuller marco espejo Ø120;77;475,00;;8,43544E+12;1;SCHULLER
19130422;385415;Espejo Alhambra Schuller 120x87;34;374,00;;8,43544E+12;1;SCHULLER
19130425;386113;Espejo City Schuller - Moderno 140x68;31;413,00;;8,43544E+12;1;SCHULLER
19133870;651320;Espejo Irina Schuller - marco curvo 200x90;14;730,00;;8,43544E+12;1;SCHULLER
19133970;651431;Espejo Curves Schuller - 160x70;15;523,00;;8,43544E+12;1;SCHULLER
19134031;651542;Espejo Curves Schuller - 103x75;10;350,00;;8,43544E+12;1;SCHULLER
19134398;786136;Bajorrelieve Fosil Schuller - Cuadro 60x60;76;178,00;;;1;SCHULLER
19134441;786351;Bajorrelieve Skull Schuller - Cuadro calavera espejo;56;154,00;;8,43544E+12;1;SCHULLER
19214530;552307;Mesa de centro cristal curvado 110 cm. serie Glass. SCHULLER;7;298,00;;;0;SCHULLER
19214534;552522;Mesa Glass Schuller - Mueble auxiliar cristal con ruedas;112;168,00;;8,43544E+12;1;SCHULLER
19235808;532115;Sillón en piel Italiana serie Amanda.   SCHULLER;0;1584,00;;;1;SCHULLER
21396380;827494;Lampara Eire Schuller - 6 colgantes - Luz LED;2;408,00;;8,43544E+12;1;SCHULLER
21418465;436218;Colgante Quasar Schuller - tulipa plata luz LED;71;144,00;;8,43544E+12;1;SCHULLER
21418478;436462;Sobremesa Quasar Schuller - Tulipa plata luz LED;25;178,00;;8,43544E+12;1;SCHULLER
21419786;436631;Aplique Quasar Schuller - Tulipa Cromo;40;96,00;;8,43544E+12;1;SCHULLER
21420543;E-102048;Colgante de copens. 2 tamaños serie Elis.   SCHULLER;0;413,00;;;0;SCHULLER
21420544;102219;Colgante de copens. 2 tamaños serie Elis.   SCHULLER;1;682,00;;;0;SCHULLER
21524121;854275;Colgante Diva Schuller - Lámpara LED redonda;42;144,00;;8,43544E+12;1;SCHULLER
21524263;854416N;Lámpara Diva Schuller - 3 Colgantes cuadrados LED;37;302,00;;8,43544E+12;1;SCHULLER
21524341;854537;Lampara Diva Schuller - 4 Colgantes cuadrados LED;1;475,00;;8,43544E+12;1;SCHULLER
21524387;854321;Lámpara Diva Schuller - 2 Colgantes ovalados LED;28;389,00;;8,43544E+12;1;SCHULLER
21524398;854683;Aplique Diva Schuller - Abalorios cristal - LED;130;77,00;;8,43544E+12;1;SCHULLER
21527961;736210;Lampara de pie Linur Schuller - LED graduable;19;302,00;;8,43544E+12;1;SCHULLER
21528096;736321;Sobremesa Linur Schuller - Moderno 2 Barras LED;18;125,00;;8,43544E+12;1;SCHULLER
21528114;736543;Lampara Linur Schuller - 2 barras iluminacion LED;35;226,00;;8,43544E+12;1;SCHULLER
21528174;736432;Plafon Linur Schuller - 2 barras modernas con luz LED;6;211,00;;8,43544E+12;1;SCHULLER
21528320;456342;Plafón Dana Schuller - Acero y cristal 3 Tamaños. Placa LED;200;101,00;;8,43544E+12;1;SCHULLER
21528321;456231;Plafón Dana Schuller - Acero y cristal 3 Tamaños. Placa LED;191;158,00;;8,43544E+12;1;SCHULLER
21528322;456120;Plafón Dana Schuller - Acero y cristal 3 Tamaños. Placa LED;123;211,00;;8,43544E+12;1;SCHULLER
21528341;456453;Lampara Dana Schuller - Colgante cristal luz LED;70;216,00;;8,43544E+12;1;SCHULLER
21528427;679215N;Lámpara Cala Schuller - 2 colgantes Iluminación LED;42;307,00;;8,43544E+12;1;SCHULLER
22249636;741563;Lampara Orbita Schuller - 4 focos de luz LED;11;235,00;;8,43544E+12;1;SCHULLER
22250232;683759;Lampara Nao Schuller - 2 barras lineales LED;9;475,00;;8,43544E+12;1;SCHULLER
22250280;513712;Aplique Briana Schuller - Pan de oro - LED;17;158,00;;8,43544E+12;1;SCHULLER
22250281;513646;Lampara de techo plata 6 u 8 pantallas.    Serie Briana Schuller;6;418,00;;;0;SCHULLER
22250282;513825;Lampara Briana Schuller - Pan de plata 6 u 8 pantallas;2;682,00;825,22;8,43544E+12;1;SCHULLER
22250506;618859;Colgante Caelum Schuller - Tulipa Cobre LED;29;456,00;;8,43544E+12;1;SCHULLER
22250511;746709;Lampara Odissey Schuller - 6 barras LED;14;464,00;;8,43544E+12;1;SCHULLER
22250517;447510D;Lampara Anisia Schuller - 3 modulos de luz LED y mando;0;1138,00;;8,43544E+12;0;SCHULLER
22250518;447510;Lampara Anisia Schuller - 3 modulos de luz LED;0;1018,00;;8,43544E+12;1;SCHULLER
22259244;641942;Colgante Laia Schuller - tulipa azul vintage - LED;53;144,00;;8,43544E+12;1;SCHULLER
22259263;642053;Colgante Laia Schuller - tulipa ambar vintage - LED;76;144,00;;8,43544E+12;1;SCHULLER
22260649;563958;Plafon Mare Schuller - Lampara cromo abalorios;9;302,00;;8,43544E+12;1;SCHULLER
22263229;257685;Lampara Laura Schuller - Colgante blanco y oro - LED;29;192,00;;8,43544E+12;1;SCHULLER
22263286;520783;Lámpara Holandesa Schuller - Cromo 6 luces penduloques;14;461,00;;8,43544E+12;1;SCHULLER
22545951;480531/4834;Aplique Florentino Schuller - 2 luces con pantallas;57;173,00;;8,43544E+12;1;SCHULLER
24216765;793301;Colgante Sphere Schuller 1 bola cromo Ø12cm LED;65;86,00;;8,43544E+12;1;SCHULLER
24216773;793412;Colgante Sphere Schuller 1 bola cromo Ø20cm LED;28;182,00;;8,43544E+12;1;SCHULLER
24216778;793523;Colgante Sphere Schuller 5 bolas cromo LED;59;370,00;;8,43544E+12;1;SCHULLER
24216782;793635;Lampara Sphere Schuller - lineal 4 bolas cromo LED;66;331,00;;8,43544E+12;1;SCHULLER
24216790;793746;Colgante Sphere Schuller 14 bolas cromo LED;20;686,00;;8,43544E+12;1;SCHULLER
24216798;756853;Lampara Katia Schuller - redonda Acero 14 luces LED;14;1584,00;;8,43544E+12;1;SCHULLER
24221183;756729;Lampara Katia Schuller - Acero 10 luces LED;4;797,00;;8,43544E+12;1;SCHULLER
24238617;266753;Aplique Narisa Schuller. Rosa/blanco/cromo;20;144,00;;8,43544E+12;1;SCHULLER
24238618;266724;Aplique Narisa Schuller. Rosa/blanco/cromo;22;149,00;;8,43544E+12;1;SCHULLER
24238619;266782N;Aplique Narisa Schuller. Rosa/blanco/cromo;17;149,00;;8,43544E+12;1;SCHULLER
24238879;266028;Colgante Narisa Schuller Ø18cm. Rosa/cromo;47;106,00;;8,43544E+12;1;SCHULLER
24238880;266035N;Colgante Narisa Schuller Ø18cm. Rosa/cromo;85;106,00;;8,43544E+12;1;SCHULLER
24238904;266172;Colgante Narisa Schuller Ø32cm Oro Rosa.;30;197,00;;8,43544E+12;1;SCHULLER
24239188;266426;Lampara Narisa Schuller 5 colgantes. Rosa/blanco/cromo;26;302,00;;8,43544E+12;0;SCHULLER
24239189;266401;Lampara Narisa Schuller 5 colgantes. Rosa/blanco/cromo;1;494,00;;;0;SCHULLER
24239190;266492;Lampara Narisa Schuller 5 colgantes. Rosa/blanco/cromo;6;494,00;;;0;SCHULLER
24240872;266290;Colgante Narisa Schuller Ø46cm. Rosa/blanco/cromo;72;307,00;;8,43544E+12;1;SCHULLER
24240873;266284;Colgante Narisa Schuller Ø46cm. Rosa/blanco/cromo;21;307,00;;8,43544E+12;1;SCHULLER
24240874;266251N;Colgante Narisa Schuller Ø46cm. Rosa/blanco/cromo;26;370,00;;8,43544E+12;1;SCHULLER
24240881;266580;Sobremesa Narisa Schuller - Rosa/blanco/cromo;2;240,00;;8,43544E+12;1;SCHULLER
24240882;266577;Sobremesa Narisa Schuller - Rosa/blanco/cromo;19;278,00;;8,43544E+12;1;SCHULLER
24240883;266544N;Sobremesa Narisa Schuller - Rosa/blanco/cromo;4;264,00;;8,43544E+12;1;SCHULLER
24240896;266630;Lampara de Pie Narisa Schuller - Rosa/blanco/cromo;7;456,00;;8,43544E+12;0;SCHULLER
24240897;266695;Lampara de Pie Narisa Schuller - Rosa/blanco/cromo;5;475,00;;8,43544E+12;1;SCHULLER
24240898;266616N;Lampara de Pie Narisa Schuller - Rosa/blanco/cromo;9;475,00;;8,43544E+12;1;SCHULLER
24240905;266909;Plafon Narisa Schuller Ø32cm. Rosa/blanco/cromo;26;192,00;;;0;SCHULLER
24240906;266946;Plafon Narisa Schuller Ø32cm. Rosa/blanco/cromo;32;235,00;;8,43544E+12;1;SCHULLER
24240907;266973N;Plafon Narisa Schuller Ø32cm. Rosa/blanco/cromo;2;235,00;;8,43544E+12;1;SCHULLER
24240911;266847;Plafon Narisa Schuller Ø46cm. Rosa/blanco/cromo;7;317,00;;8,43544E+12;1;SCHULLER
24240912;266866;Plafon Narisa Schuller Ø46cm. Rosa/blanco/cromo;11;370,00;;8,43544E+12;1;SCHULLER
24240913;266822N;Plafon Narisa Schuller Ø46cm. Rosa/blanco/cromo;17;370,00;;8,43544E+12;1;SCHULLER
24240922;266369;Lampara Narisa Schuller - Rosa/blanco/cromo;26;264,00;;8,43544E+12;0;SCHULLER
24422974;569120;Espejo Aurora Schuller - Espejo rectangular pan de plata;37;365,00;;8,43544E+12;1;SCHULLER
24423304;593364;Espejo Aurora Schuller - Espejo redondo pan de plata;65;384,00;;8,43544E+12;1;SCHULLER
24423383;794172;Espejo Sphere Schuller - Espejo semiesferas cristal;26;374,00;;8,43544E+12;1;SCHULLER
24423389;490633;Espejo Love Schuller - Espejo bitono Love cristal;90;154,00;;8,43544E+12;1;SCHULLER
24427947;852508;Espejo Rizos Schuller - Espejo marco rizos cristal;21;370,00;;8,43544E+12;1;SCHULLER
24455228;654522;Lampara Aqua Schuller - Lampara lineal 3 colgantes;8;317,00;;8,43544E+12;1;SCHULLER
24455317;654639;Lampara Aqua Schuller - Lampara redonda 3 colgantes;42;350,00;;8,43544E+12;1;SCHULLER
24459317;29-E07/178;Espejo Roma Schuller - 178x80;69;528,00;;8,43544E+12;1;SCHULLER
24459414;195627;Espejo Elisa Schuller - Marco espejos 105x74;37;178,00;;8,43544E+12;1;SCHULLER
24459503;287506;Espejo Nácar Schuller - Espejo 120x80 marco nacar;24;283,00;;8,43544E+12;1;SCHULLER
24472638;924713;Espejo Avenue Schuller - Marco Espejo 80x120;75;211,00;;8,43544E+12;1;SCHULLER
24590099;783753;Lámpara Rocio Schuller - 3 Colgantes cromo LED;49;240,00;;8,43544E+12;1;SCHULLER
26018694;783618;Lámpara Rocio Schuller - Lineal 5 luces Cromo LED;40;389,00;;8,43544E+12;1;SCHULLER
27088376;124011;Plafon Quios Schuller - Ø46cm. blanco LED.;26;192,00;;8,43544E+12;1;SCHULLER
27088512;E-568581;Lampara Anastasia Schuller - colgante Ø 50cm. LED;2;242,00;274;8,43544E+12;1;SCHULLER
27088519;568672;Lampara Anastasia Schuller - 3 colgantes Ø 62cm. LED;24;442,00;;8,43544E+12;1;SCHULLER
27095467;625211;Lampara Flavia Schuller - Lineal 4 bolas LED;10;235,00;;8,43544E+12;1;SCHULLER
27095708;625432;Lampara Flavia Schuller - colgante cromo bola LED;24;67,00;;8,43544E+12;1;SCHULLER
27095746;625654;Plafon Flavia Schuller - Lampara 4 luces bola LED;5;206,00;;8,43544E+12;1;SCHULLER
27095770;625769;Aplique Flavia Schuller - Cromo bola LED;14;67,00;;8,43544E+12;1;SCHULLER
27103211;793091;Lampara Sphere Schuller - colores 9 bolas LED;20;658,00;;8,43544E+12;1;SCHULLER
27103283;793258;Colgante Sphere Schuller 14 bolas colores LED;23;1018,00;;8,43544E+12;1;SCHULLER
27590332;793429;Colgante Sphere Schuller - Ø 12cm tono laton;58;101,00;;8,43544E+12;1;SCHULLER
27590344;793534;Lampara Sphere Schuller - 5 colgantes colores LED;37;389,00;;8,43544E+12;1;SCHULLER
27590450;793659;Lampara Sphere Schuller - 4 colgantes colores LED;16;336,00;;8,43544E+12;1;SCHULLER
27590517;794017;Plafon Sphere Schuller - Lampara 3 Bolas cromo LED;8;211,00;;8,43544E+12;1;SCHULLER
27590758;794025;Plafon Sphere Schuller - Lampara 3 Bolas multicolor LED;14;226,00;;8,43544E+12;1;SCHULLER
27590815;794496;Sobremesa Sphere Schuller - Ø12cm Tono laton Luz LED;44;96,00;;8,43544E+12;1;SCHULLER
27590957;794539;Sobremesa Sphere Schuller - Ø20cm Tono laton Luz LED;48;202,00;;8,43544E+12;1;SCHULLER
27591646;507939D;Plafon Argos Schuller - Plafon Ø40cm espejo Argos - con mando;121;312,00;;8,43544E+12;1;SCHULLER
27591647;507939;Plafon Argos Schuller - Plafon Ø40cm espejo Argos;118;254,00;;8,43544E+12;1;SCHULLER
27763561;793269D;Lampara Sphere Schuller - 14 Colgantes cromo LED dimable;18;1027,00;;8,43544E+12;1;SCHULLER
27763562;793269;Lampara Sphere Schuller - 14 Colgantes cromo LED dimable;17;979,00;;8,43544E+12;1;SCHULLER
30534264;373091;Colgante Varas Schuller - acabado Oro 1 luz LED;42;72,00;;;1;SCHULLER
30534688;373084;Colgante Varas Schuller - acabado cromo 1 luz LED;0;67,00;;;1;SCHULLER
30534988;373075;Colgante Varas Schuller - acabado blanco 1 luz LED;98;53,00;;;1;SCHULLER
30535105;373067;Colgante Varas Schuller - acabado negro mate 1 luz LED;-3;53,00;;;1;SCHULLER
30537220;373579;Sobremesa Varas Schuller - Negro mate y oro 2 Luces LED;0;110,00;;;1;SCHULLER
30537227;373581;Sobremesa Varas Schuller - Blanco mate y cromo 2 Luces LED;48;110,00;;;1;SCHULLER
30537237;373599;Sobremesa Varas Schuller - Blanco mate y oro 2 Luces LED;247;120,00;;;1;SCHULLER
30537241;373614;Lámpara de pie Varas Schuller - Blanco mate y oro 2 Luces LED;66;192,00;;;1;SCHULLER
30537244;373629;Lámpara de pie Varas Schuller - Blanco mate y cromo 2 Luces LED;14;187,00;;;1;SCHULLER
30537247;373685;Lámpara de pie Varas Schuller - Negro mate y oro 2 Luces LED;0;182,00;;;1;SCHULLER
30537258;786716;Lampara Colette Schuller - Oro Rosado 60cm Ø.  Luz LED;24;278,00;;;1;SCHULLER
30537270;786831;Lampara Colette Schuller - Cromo 60cm Ø.  Luz LED;0;293,00;;;1;SCHULLER
30538749;373378D;Lampara Varas Schuller -  Blanco y cromo 11 luces LED - Con Mando;18;451,00;;;1;SCHULLER
30538750;373378;Lampara Varas Schuller -  Blanco y cromo 11 luces LED - Con Mando;15;403,00;;;1;SCHULLER
30538823;373437D;Lampara Varas Schuller - Blanco y oro 14 luces LED - Con Mando ;25;629,00;;;1;SCHULLER
30538824;373437;Lampara Varas Schuller - Blanco y oro 14 luces LED;24;581,00;;;1;SCHULLER
30538832;373142D;Lampara Varas Schuller -  Negro mate y oro 5 Luces LED Con Mando;5;288,00;;;1;SCHULLER
30538833;373142;Lampara Varas Schuller -  Negro mate y oro 5 Luces LED;5;240,00;;;1;SCHULLER
30538861;373416D;Lampara Varas Schuller -  Blanco y cromo 14 luces LED Con Mando;29;586,00;;;1;SCHULLER
30538862;373416;Lampara Varas Schuller -  Blanco y cromo 14 luces LED;28;538,00;;;1;SCHULLER
30538873;373123D;Lampara Varas Schuller - Blanco mate y cromo 5 Luces LED Con Mando;88;259,00;;;1;SCHULLER
30538874;373123;Lampara Varas Schuller - Blanco mate y cromo 5 Luces LED;88;211,00;;;1;SCHULLER
30538892;373101D;Lampara Varas Schuller - Blanco mate y oro 5 Luces LED Con Mando;101;288,00;;;1;SCHULLER
30538893;373101;Lampara Varas Schuller - Blanco mate y oro 5 Luces LED;101;240,00;;;1;SCHULLER
30538901;373261D;Lampara Varas Schuller -  Blanco y cromo 9 Luces LED Con Mando;39;398,00;;;1;SCHULLER
30538902;373261;Lampara Varas Schuller -  Blanco y cromo 9 Luces LED;39;350,00;;;1;SCHULLER
30538939;373342D;Lampara Varas Schuller -  Blanco y oro 11 luces LED Con Mando;41;475,00;;;1;SCHULLER
30538940;373342;Lampara Varas Schuller -  Blanco y oro 11 luces LED;40;432,00;;;1;SCHULLER
30538954;373250D;Lampara Varas Schuller -  Blanco y oro 9 Luces LED Con Mando;19;427,00;;;1;SCHULLER
30538955;373250;Lampara Varas Schuller -  Blanco y oro 9 Luces LED;18;379,00;;;1;SCHULLER
30549946;377485;Lámpara colgante Lipse Schuller -  cromo 7L. LED.;39;230,00;;;1;SCHULLER
30550104;377523;Lámpara colgante Lipse Schuller - acabado cromo 5L. LED.;45;192,00;;;1;SCHULLER
30550229;377934;Lámpara espiral Lipse Schuller - 9L. LED.;57;317,00;;;1;SCHULLER
30550304;377101;Lámpara colgante Lipse Schuller - acabado cromo 1L. LED.;41;48,00;;;1;SCHULLER
30550401;773421;Lámpara colgante Elie Schuller - acabado cromo 4L. LED.;20;254,00;;;1;SCHULLER
30551319;773572;Lámpara colgante Elie Schuller - acabado cromo 5L. LED.;30;312,00;;;1;SCHULLER
30551360;394460;Lámpara colgante Taccia Schuller - acabado cromo 4L. LED.;12;221,00;;;1;SCHULLER
30556690;394318;Lámpara colgante Taccia Schuller - acabado cromo 1L. LED.;10;82,00;;;1;SCHULLER
30556744;394529;Lámpara colgante Taccia Schuller -  6 colgantes. LED.;10;331,00;;;1;SCHULLER
30556797;394647;Lámpara colgante Taccia Schuller - 38cm Ø. 6L. LED.;10;298,00;;;1;SCHULLER
30561181;345381;Lámpara colgante Izar Schuller - negro cromo 4L. LED.;10;235,00;;;1;SCHULLER
30561274;584214;Lámpara colgante Nebula Schuller - 4 luces LED. Cromo;9;254,00;;;1;SCHULLER
30561288;584102;Lámpara colgante Nebula Schuller - 1 luz LED. Cromo;10;86,00;;;1;SCHULLER
30569922;281483;Plafon Laris Schuller - acabado cromo  43cm. Ø. luz LED;98;259,00;;;1;SCHULLER
30570084;281096;Aplique pared Laris Schuller - acabado cromo  luz LED;98;134,00;;;1;SCHULLER
30570173;584659;Aplique pared Nebula Schuller - 1 luz LED. Cromo;10;82,00;;;1;SCHULLER
30570330;493826;Lámpara sobremesa Nebula Schuller - 1 luz LED. Cromo;10;91,00;;;1;SCHULLER
30570342;345509D;Lámpara colgante Altais Schuller - negro cromo 9L. LED. Con Mando;10;418,00;;;1;SCHULLER
30570343;345509;Lámpara colgante Altais Schuller - negro cromo 9L. LED.;10;365,00;;;1;SCHULLER
30570354;346810;Lámpara regleta Adame Schuller - negro y oro 3L. LED;98;158,00;;8,43544E+12;1;SCHULLER
30570360;346028;Lámpara colgante Adame Schuller - Blanco y plata 1L. LED;98;48,00;;8,43544E+12;1;SCHULLER
30570375;346766;Lámpara colgante Adame Schuller - Blanco y plata 3L. LED;98;158,00;;8,43544E+12;1;SCHULLER
30570392;584438D;Lámpara colgante Nebula Schuller - 5 luces LED. Cromo;10;365,00;;;1;SCHULLER
30570393;584438;Lámpara colgante Nebula Schuller - 5 luces LED. Cromo;10;298,00;;;1;SCHULLER
30570412;346011;Lámpara colgante Adame Schuller - Negro y oro 1L. LED;98;48,00;;8,43544E+12;1;SCHULLER
30570422;584541D;Lámpara colgante Nebula Schuller - 12 luces LED. Cromo;10;830,00;;;1;SCHULLER
30570423;584541;Lámpara colgante Nebula Schuller - 12 luces LED. Cromo;10;749,00;;;1;SCHULLER
30570434;346109;Lámpara de pie Adame Schuller - Negro y oro 1L. LED;98;96,00;;8,43544E+12;1;SCHULLER
30570438;346115;Lámpara de pie Adame Schuller - Blanco y plata 1L. LED;98;96,00;;8,43544E+12;1;SCHULLER
30570444;346246;Lámpara de pie Adame Schuller - Blanco y plata 3L. LED;98;221,00;;8,43544E+12;1;SCHULLER
30570449;346230;Lámpara de pie Adame Schuller - Negro y oro 3L. LED;98;221,00;;8,43544E+12;1;SCHULLER
30570451;346357;Sobremesa Flexo Adame Schuller - Negro y oro 1L. LED;98;96,00;;8,43544E+12;1;SCHULLER
30571252;346382;Sobremesa Flexo Adame Schuller - Blanco y oro 1L. LED;98;96,00;;8,43544E+12;1;SCHULLER
30571271;346573;Aplique pared Adame Schuller - Negro y oro 1L. LED;98;48,00;;8,43544E+12;1;SCHULLER
30571280;346596;Aplique pared Adame Schuller - blanco y plata 1L. LED;98;48,00;;8,43544E+12;1;SCHULLER
30571281;281275D;Colgante Laris Schuller - acabado cromo  62cm. Ø. luz LED;10;418,00;;;1;SCHULLER
30571282;281275;Colgante Laris Schuller - acabado cromo  62cm. Ø. luz LED;10;370,00;;;1;SCHULLER
30571295;281360D;Colgante Laris Schuller - acabado cromo  82cm. Ø. luz LED;10;773,00;;;1;SCHULLER
30571296;281360;Colgante Laris Schuller - acabado cromo  82cm. Ø. luz LED;10;725,00;;;1;SCHULLER
30571349;753321;Lámpara Limus Schuller - acero inoxidable pulido luz LED;20;917,00;;;1;SCHULLER
30571371;346724;Lámpara colgante Adame Schuller - Negro y oro 3L. LED;98;158,00;;8,43544E+12;1;SCHULLER
30571374;753319;Lámpara colgante Limus Schuller - baño dorado  luz LED;20;1008,00;;;1;SCHULLER
30571397;495872;Lámpara Cuadros Schuller - acabado cromo brillo luz LED;19;346,00;;8,43544E+12;1;SCHULLER
30571401;495703;Lámpara Cuadros Schuller - acabado cromo brillo luz LED;20;230,00;;8,43544E+12;1;SCHULLER
30572300;785194;Lámpara Plafon Quasar Schuller - Con mando 45cm Ø LED;98;139,00;;8,43544E+12;1;SCHULLER
30572307;785263;Lámpara Plafon Quasar Schuller - Con mando 80cm Ø LED;98;230,00;;8,43544E+12;1;SCHULLER
30572308;673699;Lámpara Plafon Quasar Schuller - Con mando 80cm Ø LED;98;139,00;;8,43544E+12;1;SCHULLER
30586523;853804;Cuadro Geisha Schuller - Cuadro fotografía impresa Geisha;42;202,00;;;1;SCHULLER
30586638;880138;Cuadro Colores Schuller - Cuadro fotografía impresa Colores;42;158,00;;;1;SCHULLER
30586650;921688;Cuadro Simbiosis Schuller - Cuadro fotografía impresa ;42;158,00;;;1;SCHULLER
30586663;861298;Cuadro Quebrada Schuller - Cuadro fotografía impresa ;42;158,00;;;1;SCHULLER
30586667;899925;Cuadro Comic Schuller - Cuadro fotografía impresa Comic;42;158,00;;;1;SCHULLER
30586674;826198;Cuadro Marea Baja Schuller - Cuadro fotografía impresa ;42;158,00;;;1;SCHULLER
30586691;775922;Cuadro The Empire State Schuller - Cuadro fotografía impresa ;42;158,00;;;1;SCHULLER
30593947;729040;Cuadro Rascacielos Schuller - Cuadro fotografía impresa ;42;158,00;;;1;SCHULLER
30593984;819374;Cuadro Gotica Schuller - Cuadro fotografía impresa Gotica;42;158,00;;;1;SCHULLER
30594018;978153;Cuadro Oronegro Schuller - Cuadro fotografía impresa ;42;139,00;;;1;SCHULLER
30594062;748472;Cuadro Mujer Dorada Schuller - Cuadro fotografía impresa ;42;235,00;;;1;SCHULLER
30594075;978245;Cuadro Ébano Schuller - Cuadro fotografía impresa Ebano;42;158,00;;;1;SCHULLER
30594124;770916;Cuadro Streets Schuller - Cuadro pintura acrilica Schuller;42;197,00;;;1;SCHULLER
30594140;316704;Cuadro Vesta Schuller - Lienzo impreso Vesta de  Schuller;42;235,00;;;0;SCHULLER
30594150;316918;Cuadro Talía Schuller - Lienzo impreso Talía de  Schuller;42;235,00;;;0;SCHULLER
