Columna1;ASIN1;ASIN2;ASIN3;ASIN4;ASIN5;ASIN6;ASIN7;DESCRIPCION;COSTO 2020;Columna12;PVP SPA;Columna14;Columna2;PVP EUR;PVP EUR2;FECHA
7083210;;;;;;;;BOMB.G9 42W TRANS.ALTA EFICI.;3;50,00%;1;4;;4,375;4;
527021B2/2;;;;;;;;PANTALLA TEXTIL 19X27;18;70,00%;9;9;;31,5;32;
600502;;;;;;;;CONTROL REMOTO PARA DIMMER;6,6;;11;;;11,55;12;
5003S;;;;;;;;SET 4 BOM.LED GL 3000K 10W E27;10,94;;17,5;17,5;;19,145;19;1903
5017S;;;;;;;;SET 4 BOM LEDGLOB E273000K5,5W;12,34;;19,74;19,74;;21,595;22;1903
429852;B075YPTX4B;;;;;;;FOCO LED EXTERIOR BURAN 8W;33;;24;53;;57,75;58;
600501;;;;;;;;DIMMER TIPO A POR CONT.REMOTO;15;;24;;;26,25;26;
600503;;;;;;;;DIMMER B 200W POR CONT.REMOTO;15;;24;26;;26,25;26;
600514;;;;;;;;DIMMER TIPO C POR CONT.REMOTO;15;;24;;;26,25;26;
5031S;;;;;;;;SET 2 LED VINTAGE T45 6W E27;15;;24;24;;26,25;26;1903
324563;B075V2BNL9;;;;;;;APLIQUE 1L LED LUCILA;30;;26;48;LED incluido;52,5;53;
375099;B07G765X17;;;;;;;LAMPARA SURIA  1L LED;36;;32;;;63;63;
490275;B07N7LYR34;;;;;;;SOBREMESA GESTUALMOVE RGB;39;;34;62;;68,25;68;1812
956235;B075V2N72X;B076H2XH5Y;;;;;;APLIQUE  HESTIA  1L;30;;34;48;;52,5;53;
468210;B076JDKZHP;;;;;;;SOBREMESA LED ALIVE MARRON;33;;37;53;;57,75;58;
468227;B076JCH9WK;;;;;;;SOBREMESA LED ALIVE NEGRO;33;;37;53;;57,75;58;
372095;B07N48T8TB;;;;;;;FOCO 1L TURN BLANCO;24;;38;38;;42;42;1812
442522;B01KHP0BP6;;;;;;;SOBREMESA LED OMNIA ROJO;24;;38;38;LED incluido. GARANTIZAMOS EL MEJOR PRECIO;42;42;
628415;;;;;;;;APLIQUE LED PARA ESPEJOS;34;;38;;;59,5;60;02/02/2020
324190;B075V1R76C;;;;;;;APLIQUE 2L LED LUCILA;48;;42;77;LED incluido;84;84;
625432;B07D8369TY;;;;;;;PLAFONFLAVIA 1L LED CROMO;67;;43;67;;117,25;117;
625769;B07D82TQ45;;;;;;;APLIQUEFLAVIA 1L LED CROMO;67;;43;67;;117,25;117;
694931;B07VPL1LQ2;;;;;;;ACRILICO KITTY 50X50;27;;43;;;47,25;47;
552758;B01KHT5SSW;;;;;;;SOBREMESA LED SCOOP BLANCO;27;;47;43;Incluye LED. GARANTIZAMOS EL MEJOR PRECIO;47,25;47;
552764;B01KHU2SHK;;;;;;;SOBREMESA LED SCOOP NEGRO;27;;47;43;Incluye LED. GARANTIZAMOS EL MEJOR PRECIO;47,25;47;
725106;;;;;;;;APLIQUE 1L ELLIOT OPAL;42;;47;67;;73,5;74;
346011;B07R5NNYF2;;;;;;;LAMPARA 1LADAMENEGRO/ORO;30;;48;;;52,5;53;
346028;B07RB1DMBF;;;;;;;LAMPARA 1LADAMEBLANCO/PLATA;30;;48;;;52,5;53;
346573;B07RBXNR27;;;;;;;APLIQUE 1LADAMENEGRO/ORO;30;;48;;;52,5;53;
346596;B07RBXHJCZ;;;;;;;APLIQUE 1LADAMEBLANC/PLATA;30;;48;;;52,5;53;
506847;B00DG6A62W;B00U1HUK9S;B01NBWK4JT;;;;;APLIQUE 1L ECLIPSE;33;;48;48;Incluimos 1 bombilla LED 6W. GRATIS.;57,75;58;
549221;B015FVVEMQ;;;;;;;SOBREMESA LED SWAN BLANCO;33;;48;53;Incluye LED. GARANTIZAMOS EL MEJOR PRECIO;58;58;
549234;B015FVYVXA;;;;;;;SOBREMESA LED SWAN ROJO;33;;48;53;Incluye LED. GARANTIZAMOS EL MEJOR PRECIO;58;58;
867123;B075V41DVK;B076H2W8YK;;;;;;APLIQUE LIOS 1L;30;;48;48;Bombilla LED gratis;52,5;53;
956082;B075V1JJD9;B076HSDLLK;;;;;;LAMPARA  HESTIA II  1L;30;;48;48;Bombillas LED gratis;52,5;53;
956241;B075V268K9;B076H4P2RM;;;;;;APLIQUE  HESTIA II  1L;30;;48;48;Bombilla LED gratis;52,5;53;
60101;;;;;;;;PROTECTOR S.TENSION MONO. 15KA;32;;51;;;56;56;
654168;;;;;;;;VIAS WALL LAMP, 1L.;32;;51;0;;56;56;
373067;B07Y3CR9KB;B07XZBCK5Z;;;;;;LAMPARA VARAS NEGRO 1L;33;;53;;;57,75;58;02/02/2020
373075;B07Y3MSDS1;;;;;;;LAMPARA VARAS BLANCO 1L;33;;53;;;57,75;58;02/02/2020
377101;B07Y8HJPSQ;;;;;;;LAMPARA LEDLIPSE 1 LUZ CROMO;30;;53;;;52,5;53;02/02/2020
397319;B07N1VWKJY;;;;;;;LAMPARA 1L AXEL CROMO;33;;53;53;;57,75;58;1812
506625;B00DG6JF9W;B00U1HUH6E;B00DG6JF9W;B01MZC0V5F;;;;SOBREMESA 1L ECLIPSE;36;;53;53;Incluimos 1 bombilla LED 6W. GRATIS.;63;63;
514390;B00PQXT0U2;;;;;;;SOBREMESA COLOR LED BLANCO;33;;53;53;Incluye LED. GARANTIZAMOS EL MEJOR PRECIO;57,75;58;
415801;B07QG2P2QH;;;;;;;DESPERTADOR/LUZSUNRISE RGB;51;;57;82;;89,25;89;1812
183653;B00LJW1NMW;B01N7UFFLH;;;;;;APLIQUE CUBE 1 L;33;;58;53;Incluimos 1 bombilla G9 28W. GRATIS.;57,75;58;
392856;;;;;;;;NACAR TABLE CLOCK, 23x30;36;;58;0;;63;63;
494745;B015ENDB94;B06Y12P7B9;;;;;;APLIQUE DENISE 1L;33;;58;53;Incluimos 1 bombilla LED 6W. GRATIS.;57,75;58;
580919;B01J23SHVO;B01KHUGENE;;;;;;SOBREMESA LED LAIN BLANCO;36;;58;58;LED incluido. GARANTIZAMOS EL MEJOR PRECIO;63;63;
580931;B01J23SKFC;B01KHVABI2;;;;;;SOBREMESA LED LAIN ROJO;36;;58;58;LED incluido. GARANTIZAMOS EL MEJOR PRECIO;63;63;
580944;B01J23SINQ;B01KHVG32U;;;;;;SOBREMESA LED LAIN CHAMPAN;36;;58;58;LED incluido. GARANTIZAMOS EL MEJOR PRECIO;63;63;
345462;B081FFQ3PZ;;;;;;;APLIQUE 1LIZARNEGRO/CROMO;38;;61;;;66,5;67;02/02/2020
673938;;;;;;;;APLIQUE LUCIA 1L LED CROMO;38;;61;;;66,5;67;02/02/2020
183542;B00LJW1ZV6;B00VCVOL5G;B01H0YUU6C;;;;;SOBREMESA CUBE 1 L;39;;62;62;Incluimos 1 bombilla LED 6W. GRATIS.;68,25;68;
391218;B01N5RJ4KL;B00LJW1M2I;B00U1HVCK4;B00IGCN9KW;;;;APLIQUE FLASH 1L;39;;62;82;Incluimos 1 bombilla LED 6W. GRATIS.;68,25;68;
495663;;;;;;;;NACAR TABLE CLOCK, 28x28;39;;62;0;;68,25;68;
765509;;;;;;;;KORA TABLE CLOCK, 26x26;39;;62;0;;68,25;68;
375213;;;;;;;;LAMPARA LED ZOE 5W;75;;66;;;131,25;131;02/02/2020
842753;B014YKC8CO;;;;;;;COLLAGE FOOT LOOSE 100X200;138;;66;;;241,5;242;02/02/2020
213226;B0843X45XT;B084283Q4T;;;;;;LAMPARA 1L 14PETRACROMO G9;42;;67;;;73,5;74;01/02/2020
213868;B0844J4ZRV;B084287YSV;;;;;;APLIQUE 1L PETRA CROMO G9;42;;67;;;73,5;74;01/02/2020
373084;B07Y3N5TKK;;;;;;;LAMPARA VARAS CROMO 1L;42;;67;;;73,5;74;02/02/2020
442851;B076HPR5F8;;;;;;;LAMPARA 1L JAMILA 13 NEGRO;39;;67;62;;68,25;68;
483490;B01J23TBKA;B01KO1KBX0;;;;;;RELOJ DE PARED ADAM 40X40;42;;67;67;;73,5;74;
765376;B01KM22W1K;B01J23TJ7K;B01J0NKV7O;;;;;RELOJ D.SOBREMESA ABRIL26X26;42;;67;67;;73,5;74;
726348;B07G98TN8Z;;;;;;;PLAFN 1L LED LUA;78;;69;;;136,5;137;
193091;B00ZU46D6Q;;;;;;;APLIQUE ARIAN 1L;48;;72;67;Incluimos 1 bombilla LED 6W. GRATIS.;84;84;
193273;B015EA1MB6;B01II161P0;;;;;;COLGANTE ARIAN 1L;48;;72;72;Incluimos 1 bombilla LED 6W. GRATIS.;84;84;
372284;B07N49D9LG;;;;;;;REGLETA 2 FOCOS TURN BLANCO;45;;72;72;;78,75;79;1812
373091;B07Y3DQSJL;B07Y1X3HVD;;;;;;LAMPARA VARAS ORO 1L;45;;72;;;78,75;79;02/02/2020
650195;B07N8557CQ;;;;;;;LAMPARA 1LTABATHANEGRA 19;45;;72;72;;78,75;79;1812
697712;B075TYB6YP;B076H5DVDJ;;;;;;APLIQUE LEDSINTRA8,6W;45;;72;72;;78,75;79;
847118;B07YBD6GDR;;;;;;;LAMPARA 1LVIKA BLANCO;45;;72;;;78,75;79;02/02/2020
851251;B07HRYDQZP;;;;;;;ACRILICO PETS 120X40;45;;72;;;78,75;79;
896306;B07VNHCLRJ;;;;;;;ACRILICO URKO 70X70;45;;72;;;78,75;79;
896412;B07VQLCG8Z;;;;;;;ACRILICO VAIRO 70X70;45;;72;;;78,75;79;
160320;B00DQR4JQA;B01N24K7DL;;;;;;APLIQUE 1LONDA;51;;77;77;Incluimos 1 bombilla  LED 4W. GRATIS.;89,25;89;
689127;B07Y8R6CHG;;;;;;;LAMPARA 1LAVACROMO  11;48;;77;;;84;84;02/02/2020
710936;;;;;;;;SET FLOREROS CRISTAL KRAKEN;87;;77;;;152,25;152;02/02/2020
854683;B01KU1BJMG;B01J0PL3UG;B01NAV5070;;;;;APLIQUE LED DIVA 12W;48;;77;77;LED incluido. GARANTIZAMOS EL MEJOR PRECIO;84;84;
357960LT;;;;;;;;SOBREMESA LEDTEMPOSBLANCO;48;;77;;;84;84;
553229;B07N1W5PDX;;;;;;;LAMPARA 1LALESSAORO 11;49;;78;86;;85,75;86;1812
726124;B07G8M61ZH;;;;;;;LAMPARA 1L LED LUA;92;;81;147;;161;161;1903
391329;B00U1HVDSA;;;;;;;SOBREMESA FLASH 1L;48;;82;82;Incluimos 1 bombilla LED 6W. GRATIS.;84;84;
394318;B07HRYMZHK;;;;;;;LAMPARATACCIA 1L LED 12;51;;82;82;;89,25;89;1903
584659;B07HZ645D5;;;;;;;APLIQUE NEBULA;51;;82;82;;89,25;89;
593741;B07VYV75L9;;;;;;;RELOJ DE PARED AURORA 26X26;51;;82;;;89,25;89;
773106;B07N2ZGWRW;;;;;;;LAMPARA 1LELIECROMO 10;51;;82;82;;89,25;89;1812
553218;B07N1VYN3X;;;;;;;LAMPARA 1LALESSACROMO 11;54;;86;86;;94,5;95;1812
584102;B07HX2VPX7;;;;;;;COLGANTE 1 LUZ NEBULA;51;;86;82;;89,25;89;
648362;B015G3YI58;B014WDV4UU;B01II16CXQ;B01NBWAG3T;;;;APLIQUE ISIS 1L BLANCO/ORO;51;;86;82;Incluimos 1 bombilla LED 4W. GRATIS.;89,25;89;
648388;B073ZKCGNV;;;;;;;ISISWALL LAMP 1L.WHITE/SILVER;51;;86;82;;89,25;89;
697825;B076JD9XD1;;;;;;;SOBREMESA LEDSINTRA8,6W;54;;86;82;;94,5;95;
257685;B01KXFSHJM;B01J23RPN0;B01J0PHLM0;B01N9TYXO9;B01NCOIKZD;;;LAMPARALAURABLCO.ORO 4G9 55;138;;90;221;Incluimos las 4 bombillas LED 4W. GRATIS.;241,5;242;
160785;B00DQR4LSQ;;;;;;;APLIQUE 1LSATEN;57;;91;91;Incluimos 1 bombilla LED 6W. GRATIS.;99,75;100;
475168;B01CKC48FI;B01H0YT482;B01D0PGY7Y;;;;;PLAFON LED PRISMA 1L;54;;91;91;LED incluido. GARANTIZAMOS EL MEJOR PRECIO;94,5;95;
493826;B07N7N4MBD;;;;;;;SOBREMESA NEBULA1L LED CROMO;57;;91;91;;99,75;100;1812
615926;B00DGTIDDS;;;;;;;APLIQUE 1L. CRISOL;57;;91;91;Incluimos 1 bombilla LED 5,5W. GRATIS.;99,75;100;
662110;B00NFQ75ZE;;;;;;;SOBREMESA PQ. MERCURY TRANS 1L;51;;91;82;Incluimos 1 bombilla LED 10W. GRATIS.;89,25;89;
784326;B01H0YRUY2;B01N5RJM9Z;B01N36G5AW;;;;;LAMPARA ROCIO 1 LED CROMO;57;;91;91;LED INCLUIDO.;99,75;100;
793301;B075V1TVJX;B076HMC5P4;;;;;;LAMPARA 1L LED SPHERE 12;54;;91;82;;94,5;95;
794485;B07J19MHBX;;;;;;;SOBREMESA SPHERE PEQUEO 120CM;57;;91;86;;99,75;100;
870951;B075V21NJG;;;;;;;APLIQUE LED OMAR 10W;57;;91;91;;99,75;100;
726012;B07G9FHN4R;;;;;;;SOBREMESA 1L LEDLUA;83;;94;147;;145,25;145;1903
346109;B07R6MP5Q9;;;;;;;LAMP.DE PIE 1LADAMENEGRO/ORO;60;;96;;;105;105;
346115;;;;;;;;LAMP.DE PIE 1LADAMEBLC/PLATA;60;;96;;;105;105;
346357;B07R7RL8D8;;;;;;;SOBREMESA 1LADAMENEGRO/ORO;60;;96;;;105;105;
346382;B07R6NWQPS;;;;;;;SOBREMESA 1LADAMEBLANC/PLATA;60;;96;;;105;105;
436631;B01KU0B48Q;B01J0NJTUO;;;;;;APLIQUE QUASAR CROMO 1L;60;;96;96;Incluimos las 8 bombillas LED 4W. GRATIS.;105;105;
456342;B01J23SVQU;B01KVVUW32;B01MUCVH4K;;;;;PLAFON LED DANA 23;63;;96;101;LED incluido. GARANTIZAMOS EL MEJOR PRECIO;110,25;110;
580833;B075V2RSJR;;;;;;;APLIQUE LED PIROS 6W;57;;96;91;;99,75;100;
663023;B00U1HWEQ0;B00BL7P9M0;;;;;;SOBREMESA  LIN TRANSP. C/P;60;;96;101;Incluimos 1 bombilla LED 5,5W. GRATIS.;105;105;
784347;B00PQXSQS4;B01H0YRX8K;B01N4Q9MCT;;;;;LAMPARA ROCIO 1 LED ORO;63;;96;106;LED incluido. GARANTIZAMOS EL MEJOR PRECIO;110,25;110;
787017;B0845RMBCB;B0842838T5;;;;;;APLIQUE 2L LEDCOLETTE DORADA;60;;96;;;105;105;01/02/2020
793429;B07KYKF2SG;;;;;;;LAMPARA LED SPHERE 12 LATON;63;;96;101;;110,25;110;1903
794496;B07KYWHSXR;;;;;;;SOBREMESA LEDSPHERE12 LATON;60;;96;96;;105;105;1903
827746;B015HLPIDA;B01II1AU0M;B00ZU48KSA;B01MS9NP3M;;;;COLGANTE COSMO 1L;63;;96;96;LED incluido. GARANTIZAMOS EL MEJOR PRECIO;110,25;110;
836104;B07J1PTPFG;;;;;;;SOBREMESA LED LUCILA;60;;96;;;105;105;
860953;B01H0YUOIG;B00U1IJN4K;B00LJW1RI2;;;;; APLIQUE LED MEGAN BLANCO;63;;96;96;LED incluido. GARANTIZAMOS EL MEJOR PRECIO;110,25;110;
376484;B07G7GH9SB;;;;;;;LAMPARA SURIA 4L LED;114;;100;182;;199,5;200;1903
654227;B00YFGU1WM;B00PQXTOZI;B06Y1V2WXL;;;;;SILLA MALIBU BEIGE;57;;101;91;;99,75;100;
654248;B00YFH7WLY;B00PQXTRCS;B01H0YU46I;B06Y1R24MG;;;;SILLA MALIBU BLANCO;57;;101;91;;99,75;100;
657029;B07KX499JN;;;;;;;ACRILICOMARIPOSAS100X70;63;;101;;;110,25;110;
779025;B07VLC189T;;;;;;;ACRILICO BORNEO 70X100;63;;101;;;110,25;110;
787024;B08463GJ91;B08427VKJJ;;;;;;APLIQUE 2L LEDCOLETTE CROMO;63;;101;;;110,25;110;01/02/2020
60112;;;;;;;;PROTECTOR S.TENSION MONO. 40KA;64;;102;;;112;112;
266028;B075V43NW4;B076HLQCSM;;;;;;LAMPARA 1L NARISA 18 CROMO;66;;106;106;Bombillas LED gratis;115,5;116;
372361;B07N49HQPX;;;;;;;REGLETA 3 FOCOS TURN BLANCO;66;;106;106;;115,5;116;1812
461831;B081H71FFG;;;;;;;PLAFON PEQUEO BRILLIANCE35;66;;106;;;115,5;116;02/02/2020
467235;B07J1NTRZ1;;;;;;;FAROL 1L NOA 24;66;;106;106;;115,5;116;1903
509010;B00U1I9M8C;B00LJW3ZIC;B01H0YS2LC;B01D0PGIY8;B01N135UV2;;;COLGANTE ARGOS CROMO 1L;66;;106;106;Incluimos 1 bombilla LED 6W. GRATIS.;115,5;116;
787130;B0845VYMMY;B08427ZPTD;;;;;;LAMPARA 1L LEDCOLETTE DORADA;66;;106;;;115,5;116;01/02/2020
787147;B08462LS2Z;B08427RHYY;;;;;;LAMPARA 1L LEDCOLETTE CROMO;66;;106;;;115,5;116;01/02/2020
851472;B081J8K2JH;;;;;;;PLAFON JAZZ BLANCO 50;63;;106;;;110,25;110;02/02/2020
266035N;B075TYZ9WS;B07D7W249Z;;;;;;LAMPARA 1L NARISA 18 ORO;66;;106;106;Bombillas LED gratis;115,5;116;
375618;B07D7XFTCK;;;;;;;LAMPARA  SURIA II  8L LED;230;;107;230;;402,5;403;
174631;B00U1HXGAS;B00DQR5I1A;B01N9TX4F6;;;;;APLIQUE ANDROMEDA 2L;66;;110;106;Incluimos las 2 bombillas LED 4W. GRATIS.;115,5;116;
373579;B07Y8F34K5;B07Y21J5SQ;;;;;;SOBREMESA VARAS ORO/NEGRO 2L;69;;110;;;120,75;121;02/02/2020
373581;B07Y21DVLM;B07Y8F85ZQ;;;;;;SOBREMESA VARAS CROMO 2L;69;;110;;;120,75;121;02/02/2020
648417;B073ZK5LVS;;;;;;;ISISTABLE LAMP 1L.WHT/SILVER;69;;110;110;;120,75;121;
648436;B015G447LC;B01H0YTFU4;B01II16I3U;B014WDVMOI;;;;SOBREMESA ISIS 1L BLANCO/ORO;69;;110;110;Incluimos 1 bombilla LED 10W. GRATIS.;120,75;121;
653608;B015G4L29W;B01N3663DN;B01II16RB8;B014WDV7DO;;;;COLGANTE FOX 1L CHOCOLATE;81;;110;106;Incluimos 1 bombilla VINTAGE 6W. GRATIS.;141,75;142;
663618;B01H0YUOB8;B01GSHYI2E;;;;;;APLIQUE MERCURY CHAMPAN;69;;110;;;120,75;121;
663676;B00U1HX4LY;B00BL7PU9C;;;;;;APLIQUE MERCURY TRANSPARENTE;63;;110;106;Incluimos 1 bombilla LED 5,5W. GRATIS.;110,25;110;
787253;B084287H1K;;;;;;;SOBREMESA LEDCOLETTE DORADA;69;;110;;;120,75;121;01/02/2020
793168;B07YB7MHBV;;;;;;;APLIQUE 1L LED SPHERE 12;66;;110;;;115,5;116;02/02/2020
815470;B07VQMWF62;;;;;;;ACRILICO MIAU 150X50;69;;110;;;120,75;121;
860218;B00XLPIVSY;B00U1HYXPK;B00X3R9FB2;B00IGCNQEG;;;;COLGANTE BUBBLE 1 LUZ;66;;110;106;Incluimos 1 bombilla LED 5W. GRATIS.;115,5;116;
662136N;B07RLK48FB;;;;;;;SOBREMESA PQ.MERCURY CHAMPAN;69;;110;;;120,75;121;
60123;;;;;;;;PROTECTOR S.TENSION TRIF. 15KA;70;;112;;;122,5;123;
726281;B07G8LYN31;;;;;;;LAMPARA 4L LED LUA;127;;112;;;222,25;222;
376370;B07G7D79D5;;;;;;;LAMPARA SURIA 5L LED;130;;114;230;;227,5;228;1903
174414;B00DQR2KPW;B00U1HXD7Y;B01N6T6EQY;;;;;SOBREMESA ANDROMEDA 1L;78;;115;115;Incluimos 1 bombilla LED 7W. GRATIS.;136,5;137;
391870;B00VCVO3NG;B01MS9N8SG;B00IGCMPZC;;;;;APLIQUE FLASH 2L;72;;115;115;Incluimos las 2 bombillas Led 6W. GRATIS.;126;126;
618716;B075V18TYX;B076H6PK6G;;;;;;APLIQUE CAELUM COBRE 1G9;72;;115;115;Bombillas LED gratis;126;126;
661418;B00DG6ISWC;;;;;;;SOBREMESA GR MERCURY TRANSP 1L;66;;115;106;Incluimos 1 bombilla LED 10W. GRATIS.;115,5;116;
781539;B014YFH72A;;;;;;;ACRILICO OTTO 90X90;72;;115;115;;126;126;
863624;B076JFT8VL;;;;;;;SOBREMESA LEDENIACROMO;72;;115;115;;126;126;
654377;;;;;;;;VIAS CEILING LAMP 4L.;105;;118;0;;183,75;184;
956518;B073ZL6LSB;;;;;;;HESTIA LAMP, 5L.;105;;118;168;;183,75;184;
373599;B07Y8GMM1J;;;;;;;SOBREMESA VARAS ORO/BLANC 2L;75;;120;;;131,25;131;02/02/2020
442963;B075Z3JJ9F;;;;;;;FAROL 1L NABILA 28;69;;120;110;;120,75;121;
683195;B075Z926PJ;;;;;;;SILLA OXFORD BEIS;75;;120;120;;131,25;131;
723955;B07N1Q5DSZ;;;;;;;APLIQUE MAREA BLANCO;75;;120;120;;131,25;131;1812
787260;B08427ZGRB;;;;;;;SOBREMESA LEDCOLETTE CROMO;75;;120;;;131,25;131;01/02/2020
810871;B00U1IJM00;B01H0YT3P6;B01N7UFI1S;B00LJW1QAQ;;;; APLIQUE LED MURIEL BLANCO;75;;120;120;LED incluido. GARANTIZAMOS EL MEJOR PRECIO;131,25;131;
825473;B01J23SUJ8;B01KTZOP74;B01H0YTZ9A;B01EQL2Q0A;;;;SOBREMESA LED TRAZO 11,4W;75;;120;120;LED incluido. GARANTIZAMOS EL MEJOR PRECIO;131,25;131;
956450;B075XLMR8Y;B076JH3HMN;;;;;;PLAFON  HESTIA II  4L;75;;120;120;;131,25;131;
428605P;;;;;;;;ACRILICO JANIS 80X100;75;;120;;;131,25;131;02/02/2020
571034G9;;;;;;;;APLIQUE CUBICG9 2 LUCES G9;84;;120;134;Incluimos las 2 bombillas LED 4W. GRATIS.;147;147;
375509;B07G76VGZK;;;;;;;LAMPARA  SURIA  8L LED;153;;121;235;;267,75;268;1903
726439;B07D84FXJN;;;;;;;LAMPARA DE PIE 1L LED LUA;108;;121;173;;189;189;
847351;B07YBBGQX4;;;;;;;LAMPARA 5LVIKA BLANCO;151;;121;;;264,25;264;02/02/2020
112638;B076JCGG9P;;;;;;;SOBREMESA SION 1L;78;;125;125;;136,5;137;
119481;;;;;;;;ESPEJO ARIES OVAL136X36 ORO;78;;125;;;136,5;137;02/02/2020
160451;B00DQR4IZC;;;;;;;APLIQUE 2LONDA;87;;125;125;Incluimos las 2 bombillas  LED 6W. GRATIS.;152,25;152;
493168;B07W684THX;;;;;;;FAROL PEQUEOVERANEGRO/ORO;75;;125;;;131,25;131;
683284;B075Z4HC4R;;;;;;;SILLA OXFORD BLANCO;78;;125;125;;136,5;137;
723820;B081HJCH9V;;;;;;;SOBREMESA MAREA BLANCO;78;;125;;;136,5;137;02/02/2020
736321;B01J23SNAY;B01KTZ92MM;B01N5RJH80;;;;;SOBREMESA LED LINUR 8,1W;78;;125;125;LED incluido. GARANTIZAMOS EL MEJOR PRECIO;136,5;137;
872258;B01J23TDOO;B01KOYI4ZY;B01J0NKXFE;;;;;RELOJ DE PARED LUCY 60X60;78;;125;125;;136,5;137;
492753;B07HQZ5TN1;;;;;;;ACRILICO ESPLAI 120X90;93;;126;;;162,75;163;
675327;B07KY1H7TT;;;;;;;SILLA TAIMA;79;;126;149;;138,25;138;1903
743352;;;;;;;;CONSOLA ZIGZAG;147;;129;317;;257,25;257;
743826;;;;;;;;MESA CENTRO ZIGZAG;147;;129;312;;257,25;257;
213111;B0843CQH5K;B084289C13;;;;;;LAMPARA 1L 27PETRACROMO E27;78;;130;;;136,5;137;01/02/2020
372408;B07N49CYKZ;;;;;;;REGLETA 4 FOCOS TURN BLANCO;81;;130;130;;141,75;142;1812
372510;B07N7LKQMW;;;;;;;PLAFON 4 FOCOS TURN BLANCO;81;;130;130;;141,75;142;1812
508323;B00U1IAYES;B00DG6AK28;;;;;;APLIQUE DIAMOND;87;;130;130;Incluimos las 2 bombillas LED 4W. GRATIS.;152,25;152;
625654;B07D83LLLB;;;;;;;PLAFONFLAVIA 4L LED 36x36 CR;206;;130;206;;360,5;361;
711324;B00U1HWOKG;B00DG6AMZ8;B00YES95Y6;;;;;APLIQUE MANACOR 2L.;81;;130;125;Incluimos las 2 bombillas LED 6W. GRATIS.;141,75;142;
956384;B075TYWL2P;B076M9G9G4;;;;;;LAMPARA  HESTIA II  4L;81;;130;130;Bombillas LED gratis;141,75;142;
213547;B0843PGK4H;B08427ZRMP;;;;;;SOBREMESA 1LPETRA CROMO E27;84;;134;;;147;147;01/02/2020
281096;B07N1P49DF;;;;;;;APLIQUE LED LARIS CROMO;84;;134;134;;147;147;1812
473217;B07HX18FK3;;;;;;;COLGANTE NOMADE GRIS;84;;134;134;;147;147;
473228;B07HWM8LVP;;;;;;;COLGANTE NOMADE BLANCO;84;;134;134;;147;147;
509327;B00LJW1MRS;B00U1I9OWQ;B01N6T4TQ5;;;;;APLIQUE ARGOS 1L.;87;;134;130;Incluimos 1 bombilla LED 6W. GRATIS.;152,25;152;
531973;B07VQN57KZ;;;;;;;ACRILICO CATRINA 100X100;84;;134;;;147;147;
732401;B00LJW32TE;;;;;;;ACRILICO UMBRELLAS 140X70;84;;134;144;;147;147;
130963;B00PG0E014;B00PM7Y912;B01DI7S9O0;B00PQXTB6U;;;;ESPEJO CELIA RECTANGULAR;87;;139;139;;152,25;152;
268172;B07W6N3BKD;;;;;;;MESA AUX.RODES REDONDA;87;;139;;;152,25;152;
428605;B07VLBXXP4;;;;;;;ACRILICO JANIS 80X120;87;;139;;;152,25;152;
541528;B01J23SAOI;B01KTYPF9C;;;;;;SOBREMESA CORINTO III TRS.1L;84;;139;139;Incluimos 1 bombilla LED 10W. GRATIS.;147;147;
673699;B081H95Q6W;;;;;;;PLAFON CUAD.PEQQUASAR BLANCO;87;;139;;;152,25;152;02/02/2020
761508;B07KYPCCRW;;;;;;;SOBREMESA LED LIMIT MARRON;87;;139;139;;152,25;152;1903
762905;B014YEM794;B01II14VY8;B00XLPJSEA;;;;;ACRILICO GALA 90X120;87;;139;139;;152,25;152;
785194;B081J6CQX3;;;;;;;PLAFON RDO. 45QUASAR BLANCO;87;;139;;;152,25;152;02/02/2020
874192;B07HRX9TYC;;;;;;;CUADRO MARATHON;87;;139;139;;152,25;152;
978153;B01J0MXGQS;B01KM0UZXO;;;;;;FOTOGRAFA ORONEGRO 80X120;87;;139;139;;152,25;152;
847492;B07YBCKPFP;;;;;;;PLAFON 4LVIKA BLANCO;89;;142;;;155,75;156;02/02/2020
892519;;;;;;;;LAMPARA CROSS 43 CROMO 43;128;;143;;;224;224;02/02/2020
266753;B075V2LRWM;B076CRGN2D;;;;;;APLIQUE 2L NARISA BLANCO;90;;144;144;Bombillas LED gratis;157,5;158;
436218;B01J23RZZ8;B01KZL7TWA;B01J0PHUJ4;;;;;LAMPARA QUASAR CROMO 1L 28;93;;144;144;Incluimos 1 bombilla LED 10W. GRATIS.;162,75;163;
475592;B07W67ZP74;;;;;;;FAROL PEQUEOJANABLANCO/ORO;90;;144;;;157,5;158;
493045;B07W687WHF;;;;;;;FAROL GRANDEVERANEGRO/ORO;84;;144;;;147;147;
589316;B08451BKCD;B08427SVD6;;;;;;SOBREMESA ARCUS ORO;90;;144;;;157,5;158;01/02/2020
614259;B0844RDDHN;B08428H16X;;;;;;SOBREMESA LOOPBLANCO;90;;144;;;157,5;158;01/02/2020
641942;B01J23ROTA;B01L0DZMMG;;;;;;LAMPARA LAIA AZUL 33;135;;144;216;Incluimos 1 bombilla VINTAGE 8W. GRATIS.;236,25;236;
642053;B01J23RN46;B01L0E7YFI;B01N5RJUPE;;;;;LAMPARA LAIA AMBAR 28;114;;144;182;Incluimos 1 bombilla VNTAGE 8W. GRATIS.;199,5;200;
854275;B01J23T7KY;B01L2MA1GM;B01J0PKSZ2;B01N13684X;;;;LAMPARA LED DIVA 34;90;;144;144;LED incluido. GARANTIZAMOS EL MEJOR PRECIO;157,5;158;
480531-S/A;;;;;;;;APLIQUE VERDI 2L.MARFIL /ORO;87;;144;139;Incluimos 1 bombilla LED 4W. GRATIS.;152,25;152;
266724;B075TZR84B;B076CSNKPG;;;;;;APLIQUE 2L NARISA CROMO;93;;149;149;Bombillas LED gratis;162,75;163;
507413;B00BL7P362;B00U1IAUO2;;;;;;COLGANTE DIAMOND PQO.;117;;149;144;Incluimos las 3 bombillas LED 4W. GRATIS.;204,75;205;
586107;B07HRQD3SL;;;;;;;ACRILICO UCELLI 90x120;93;;149;149;;162,75;163;1903
691573;B07HRQYZH3;;;;;;;ACRILICO MONTANA 120X90;93;;149;;;162,75;163;
711021;B00DG6AO56;B00U1HULMY;;;;;;APLIQUE 2L. ELOISE;93;;149;149;Incluimos las 2 bombillas LED 6W. GRATIS.;162,75;163;
742215;B00OD3AN0M;B00LJW3190;;;;;;ACRILICO SUMMER 140X70;93;;149;149;;162,75;163;
791248;B07HRXX7PD;;;;;;;ACRILICO CONGO 90x120;93;;149;149;;162,75;163;1903
860627;B075TZP73V;B076HQ64RL;;;;;;LAMPARA 1L LED ZILA 10;93;;149;139;LED incluido;162,75;163;
912064;B07VQPYZ7C;;;;;;;ACRILICO PROVENZA 100X100;93;;149;;;162,75;163;
266782N;B075V2PWJ6;B07D7XMLM6;;;;;;APLIQUE 2L NARISA ORO;93;;149;149;Bombillas LED gratis;162,75;163;
661457N;B07RD6NY1K;;;;;;;SOBREMESA GR.MERCURY CHAMPAN;93;;149;;;162,75;163;
183201;B00PFZK2D0;B00PMAS92E;B00RZ2UBHS;B00PQXT28C;;;;ESPEJO LEILA REDONDO;114;;154;154;;199,5;200;
490633;B0768M3V8Y;B075V4NPBL;;;;;;ESPEJO LOVE 60X80;96;;154;;;168;168;02/02/2020
618914;B075TZKDPP;;;;;;;LAMPARA IRAIDA 1L CROMO;96;;154;154;Bombilla LED gratis;168;168;
675406;B01J23TIGM;B01KOY8YUO;B01J0MWUFQ;;;;;RELOJ DE PARED VERONA 50;96;;154;154;;168;168;
786351;B00YCH9Y68;B00PQXSMY2;B00NEHZUC4;;;;;CUADRO ESPEJO SKULL 60X60;96;;154;154;;168;168;
60134;;;;;;;;PROTECTOR S.TENSION TRIF. 40KA;99;;158;;;173,25;173;
148193;B01KV7AJ8E;;;;;;;PLAFON LED HOLE PLATA 42;114;;158;;;199,5;200;
148277;B01J23T5MY;B01KV8OKQU;B01J0MUY0Y;B06Y1CNLLN;;;;PLAFON LED HOLE ORO 42;114;;158;182;LED incluido. GARANTIZAMOS MEJOR PRECIO;199,5;200;
346724;B07R7XJPZ1;;;;;;;LAMPARA 3LADAMENEGRO/ORO;99;;158;;;173,25;173;
346766;B07RC1WQKF;;;;;;;LAMPARA 3LADAMEBLANCO/PLATA;99;;158;;;173,25;173;
346810;B07R6Z38V3;;;;;;;PLAFON 3LADAMENEGRO/ORO;99;;158;;;173,25;173;
443196;B07G7DJW6Q;;;;;;;LAMPARA 1L TEBAS 33 DORADA;99;;158;158;;173,25;173;1903
456231;B01J23SWQO;B01KVVKGB0;B01MTB91GI;;;;;PLAFON LED DANA 39;99;;158;158;LED incluido. GARANTIZAMOS EL MEJOR PRECIO;173,25;173;
481541;B00DQR2X9U;B01MYAGUXU;;;;;;PLAFN VERDI 4L MARFIL Y ORO;96;;158;154;;168;168;
482164;B07G8KR52Y;;;;;;;LAMPARA 1L INDIA 43;90;;158;144;;157,5;158;1903
535190;B015FVJZIG;B01N6T6W20;B06Y14TKS8;B00XLPHTNW;;;;COLGANTE ISHARA 40 NIQUEL;99;;158;158;Incluimos 1 bombilla LED 10W. GRATIS.;173,25;173;
552933;B076B86BKJ;;;;;;;MESITA GLASS II PATA BLANCA;99;;158;158;;173,25;173;1903
716153;B01J23SBFQ;B01KTZ18ZG;B01H0YU45O;;;;;SOBREMESA EDEN ORO 1L;99;;158;158;Incluimos 1 bombilla LED 10W. GRATIS.;173,25;173;
723714;B081J198PS;;;;;;;PLAFON GRANDEMAREA BLANCO;99;;158;;;173,25;173;02/02/2020
729040;B07VRKTKN9;;;;;;;FOTOGRAFA RASCACIELOS175X70;99;;158;;;173,25;173;
769932;B01N80H5DW;;;;;;;FOTO ANGEL CAIDO 100X100;99;;158;;;173,25;173;
772518;B014YFACTU;B01H0YUVVG;B0183SH6ZC;;;;;ACRILICO TROPIC 60X180;99;;158;158;;173,25;173;
775922;B07VLJ6NDZ;;;;;;;FOTO THE EMPIRE STATE100X150;99;;158;;;173,25;173;
819374;B07VLJ64FD;;;;;;;FOTOGRAFA GOTICA 100X100;99;;158;;;173,25;173;
826198;B07VRWJ5XG;;;;;;;FOTOGRAFA MAREA BAJA130X80;99;;158;;;173,25;173;
827523;B015HL8I3M;B01N5RJFO6;B01II1AMZK;B00ZU48FEY;B01II1AMZK;;;SOBREMESA COSMO 2L;99;;158;158;LED incluido. GARANTIZAMOS EL MEJOR PRECIO;173,25;173;
835244;B07VLJ6SZT;;;;;;;FOTOGRAFA DOLL 80X120;99;;158;;;173,25;173;
861298;;;;;;;;FOTOGRAFA QUEBRADA 80X120;99;;158;;;173,25;173;
880138;B07VRVDVMR;;;;;;;FOTOGRAFA COLORES 100X100;99;;158;;;173,25;173;
899925;B07VPR7FF7;;;;;;;FOTOGRAFA COMIC 130X80;99;;158;;;173,25;173;
921688;B07VRRV99L;;;;;;;FOTOGRAFA SIMBIOSIS 150X80;99;;158;;;173,25;173;
953271;B01J23RW0Q;B01KM0H082;;;;;;FOTOGRAFA DESIREE 80X120;99;;158;158;;173,25;173;
956522;B075TZWV2W;B076M36J73;;;;;;LAMPARA  HESTIA II  5L;99;;158;158;Bombillas LED gratis;173,25;173;
960243;B07VRSRLBJ;;;;;;;FOTOGRAFA MELANCOLIA 140X80;99;;158;;;173,25;173;
978245;B01N3CM73J;;;;;;;FOTOGRAFIA EBANO 100X100;99;;158;;;173,25;173;
996426;B07VRVCJ8G;;;;;;;FOTOGRAFA FELINO 120X80;99;;158;;;173,25;173;
29-E23;B00DG6CNXC;B00OBT1G3Q;;;;;;ESPEJO MIDAS 40X70;99;;158;158;;173,25;173;
456342D;;;;;;;;PLAFON LED DANA 23 DIMABLE;96;;158;154;;168;168;
851973;B07W8VWNZS;;;;;;;SILLA ALOHA AZUL;102;;163;;;178,5;179;
741563;;;;;;;;ORBITA LED LAMP, 4L., CHROME;147;;165;0;;257,25;257;
392742;B00XLPI96S;;;;;;;COLGANTE KIRA 3L;190;;167;;;332,5;333;02/02/2020
453294;B07HZ4JB59;;;;;;;FAROL 1L MARA 32;105;;168;168;;183,75;184;1903
506736;B00DG6KC6W;B00U1HUIPO;B01MTB8XRQ;;;;;PLAFON 4L ECLIPSE;99;;168;157;Incluimos las 4 bombillas LED 6W. GRATIS.;173,25;173;
552522;B01FBY8E02;B00LJW2ELG;;;;;;MESA AUX. GLASS TRANSPTE.;99;;168;158;;173,25;173;
594894;;;;;;;;TEMPUS III BASS-RELIEF, 100;105;;168;0;;183,75;184;
673744;B0844R3T9Z;B08428957H;;;;;;PLAFON CUAD.GDRQUASAR BLANCO;105;;168;;;183,75;184;01/02/2020
183431;B00LJW41P8;B00VCVPXS0;B01H0YUTKO;;;;;LAMPARA CUBE 4 L;114;;173;182;Incluimos las 4 bombillas LED 6W. GRATIS.;199,5;200;
552672;B01FBY4STS;B01II0A6Q6;;;;;;MESA AUX.GLASS REDONDA;99;;173;158;;173,25;173;
553347;B07N1VDLZ2;;;;;;;LAMPARA 3LALESSACROMO 30;108;;173;216;;189;189;1812
641697;B081H929B4;;;;;;;LAMPARA 6LSOHO NEGRO/ORO;108;;173;;;189;189;02/02/2020
661565;B00U1IAIBW;B00DQR266K;;;;;;SOBREMESAPEQ. DECO PLATA/NEGRO;99;;173;158;;173,25;173;1903
664443;B00U1HYABC;B00DQR2F3Y;;;;;;SOBREMESA TERRA AC. PAN ORO;108;;173;173;;189;189;1903
684530;B07KYM7T2J;;;;;;;SILLA NOA MARRN OSCURO;108;;173;173;;189;189;1903
793371;B07G9CCLZK;;;;;;;APLIQUE SPHERE CROMO ;108;;173;173;;189;189;
480531-4834;B00DQR5J78;;;;;;;APLIQUE VERDI 2L.MARFIL /ORO;105;;173;168;Incluimos las 2 bombillas LED 4W. GRATIS.;183,75;184;
183320;B00LJW2VEQ;B00VCVP8VW;B01H0YUSVE;;;;;PLAFON CUBE 4 L;111;;178;178;Incluimos las 4 bombillas LED 6W. GRATIS.;194,25;194;
195627;B014X48HJE;B00PQXSZLM;;;;;;ESPEJO ELISA 105X74;105;;178;168;;183,75;184;
436462;B01J23STD0;B01KTJ2POU;;;;;;SOBREMESA QUASARCROMO 1L 28;111;;178;178;Incluimos 1 bombilla LED 10W. GRATIS.;194,25;194;
468174;B07VVF7KC8;;;;;;;FIGURA PQBULLDOGDECO FRANJAS;111;;178;;;194,25;194;
506514;B00DG6GCPC;B00U1HUFP2;B00DG6GCPC;B01N5RJEX1;;;;LAMPARA ECLIPSE 4L.;111;;178;177;Incluimos las 4 bombillas  LED 6W. GRATIS.;194,25;194;
590716;B081H923C4;;;;;;;PLAFON SUNNY BLANCO 50;111;;178;;;194,25;194;02/02/2020
662536;B00DG6JSNU;;;;;;;SOBREMESA DECO ORO PEQ. 1L.;105;;178;168;;183,75;184;1903
786136;B00YCH3AFE;B01II1NRAM;B00PQXSLWK;;;;;CUADRO ESPEJO FOSIL 60X60;111;;178;154;;194,25;194;
863952;B07W4M234Q;;;;;;;SILLN SOWA BLANCO;111;;178;;;194,25;194;
198533;B00DQR4EHE;;;;;;;PLAFON 4LZONEBLANCO;114;;182;182;Incluimos las 4 bombillas LED 10W. GRATIS.;199,5;200;
373685;;;;;;;;PIE SALONVARAS ORO/NEGRO 2L;114;;182;;;199,5;200;02/02/2020
590681;B081H8VBXV;;;;;;;PLAFON SUNNY BLANCO 50X50;114;;182;;;199,5;200;02/02/2020
793412;B075V1JCP3;B076HQ76MB;;;;;;LAMPARA 1L LEDSPHERE20;114;;182;173;;199,5;200;
867234;B075XKJV4G;B076JH3JKG;;;;;;PLAFON LIOS 4L;114;;182;182;;199,5;200;
174213;B00DQR2XYK;B00DQR2XYK;B00U1HXBUS;B01NBWMCUX;;;;PLAFON ANDROMEDA 5L. CROMO;111;;187;187;Incluimos las 5 bombillas LED 6W. GRATIS.;194,25;194;
373629;B07Y36SCZC;;;;;;;PIE SALONVARASCROMO/BLANC 2L;117;;187;;;204,75;205;02/02/2020
473859;B07W4KQVZ9;;;;;;;SILLATESEA TELA AZUL CLARO;117;;187;;;204,75;205;
508424;B00DG6JNCQ;;;;;;;SOBREMESA DIAMOND;144;;187;187;Incluimos las 3 bombillas LED 4W. GRATIS.;252;252;
508516;B00LJW1SYA;B01D0PGG54;B01D0PGG54;B00U1I9K0W;B01H0YRU4C;B01NAVGT0C;;SOBREMESA ARGOS PEQ. 28;117;;187;187;Incluimos las 3 bombillas LED 6W. GRATIS.;204,75;205;
518394;B07N7KVRDB;;;;;;;PLAFON SIOSLED 3 AROS BLANCO;117;;187;187;;204,75;205;1812
697943;B075V27183;B076M2TCWV;;;;;;LAMPARA LEDSINTRA24W;117;;187;187;;204,75;205;
794528;B07J1GY95T;;;;;;;SOBREMESA SPHERE GRANDE 20CM;111;;187;178;;194,25;194;
867012;B075V1GFCC;B076M6TH1Q;;;;;;LAMPARA LIOS 4L;117;;187;187;Bombillas LED gratis;204,75;205;
943501;B07HRXFXNN;;;;;;;ACRILICO RINHO 120X120;117;;187;;;204,75;205;
375325;;;;;;;;LAMPARA LED ZOE 19W;216;;190;;;378;378;02/02/2020
124011;B015D70XD8;B015D70XD8;B01CMFWYHW;B01II156L0;B014WDVZ2C;B01N6T5N5S;;PLAFN QUIOS 4L;114;;192;182;Incluimos 1 bombilla LED 10W. GRATIS.;199,5;200;
373614;B07Y22RB89;;;;;;;PIE SALONVARAS ORO/BLANCO 2L;120;;192;;;210;210;02/02/2020
394782;B07N1Q2XD1;;;;;;;LAMPARATACCIA3L CROMO/COLOR;120;;192;192;;210;210;1812
553106;B075Z43T48;;;;;;;MESA AUXILIAR GLASS III;120;;192;192;;210;210;
736543;B01J23RQ84;B01L1YMG32;B06Y19ZVJV;B01N24KYVC;;;;LAMPARA LED LINUR 20W;141;;192;226;LED incluido. GARANTIZAMOS EL MEJOR PRECIO;246,75;247;
295183;B081FFGGZ1;;;;;;;RELOJ DE PARED ANANYA 58;123;;197;;;215,25;215;02/02/2020
391540;B00U1HVGDC;B00LJW2S9O;B01MYAFS28;;;;;PLAFON FLASH 4L;123;;197;197;Incluimos las 4 bombillas G9 53W. GRATIS.;215,25;215;
397402;B07N31HGV6;;;;;;;LAMPARA 4L AXEL CROMO;123;;197;197;;215,25;215;1812
461975;B081H85LKR;;;;;;;PLAFON GRANDE BRILLIANCE45;123;;197;;;215,25;215;02/02/2020
584326;B07HY9Y1RX;;;;;;;COLGANTE 3 CAIDAS NEBULA;126;;197;202;;220,5;221;
663554;B00DG6ESJO;B01NBWFMVH;;;;;;COLGANTE MERCURY TRANSPARENTE;117;;197;187;Incluimos las 3 bombillas LED 10W. GRATIS.;204,75;205;
770916;B07HRRCZW2;;;;;;;ACRILICO STREETS 120X120;123;;197;;;215,25;215;
793407;B07YBDBT5Y;;;;;;;LAMP. 1L LEDSPHERE20 LATON;126;;197;;;220,5;221;02/02/2020
112512;B00DQR4EYC;B00O958SJC;B00RZ2VOHY;;;;;ESPEJO MERCURY;144;;202;202;;252;252;
593429;B081JZZTFZ;;;;;;;RELOJ AURORA ORO 60;126;;202;;;220,5;221;02/02/2020
794539;B07KYVS4KJ;;;;;;;SOBREMESA LEDSPHERE20 LATON;126;;202;202;;220,5;221;1903
814516;B07W4KZDP3;;;;;;;SILLN MAKIA PIEDRA;126;;202;;;220,5;221;
853804;B07VRSSZLF;;;;;;;FOTOGRAFA GEISHA 100X135;126;;202;;;220,5;221;
894190;B075V174Z4;;;;;;;LAMPARA BETH 3L AMBAR 45;231;;203;370;Bombillas LED gratis;404,25;404;
205296;B07VMNTFVL;;;;;;;LIENZO IMPRESO MUSA 97X137;129;;206;;;225,75;226;
266172;B075TZ6D51;B076JLDJXK;;;;;;LAMPARA 3LNARISA 32 CROMO;123;;206;197;Bombillas LED gratis;215,25;215;
429126;B00U1HXU22;;;;;;;PLAFN 3L LEDA CROMO;129;;206;206;Incluimos las 3 bombillas LED 10W. GRATIS.;225,75;226;
614082;B07N43Y6GZ;;;;;;;SOBREMESAOMEGACROMO;129;;206;206;;225,75;226;1812
646137;B07VRQNDTH;;;;;;;LIENZO IMPRESO RUBOR 100X140;129;;206;;;225,75;226;
650274;B07N32843D;;;;;;;LAMPARA 3LTABATHANEGRA;129;;206;206;;225,75;226;1812
697601;B075XMPD7N;B076JHVSPY;;;;;;PLAFON LED SINTRA 26W;129;;206;206;;225,75;226;
872712;B00U1HXNZG;B01H0YUUX0;B01D0PG8PC;B01N7UFI1O;;;;APLIQUE MINERVA 2L.;129;;206;206;Incluimos las 2 bombillas LED 6W. GRATIS.;225,75;226;
373123;B07Y58Z87D;;;;;;;LAMPARAVARASCROMO/BLANCO 5L;132;;211;;;231;231;02/02/2020
377523;B07Y8JC6LN;;;;;;;LAMP. LEDLIPSE 5 LUCES CROMO;120;;211;;;210;210;02/02/2020
456120;B01J23SXIQ;B01KVUIQDG;B01NBWUC1L;;;;;PLAFON LED DANA 49;132;;211;211;LED incluido. GARANTIZAMOS EL MEJOR PRECIO;231;231;
650319;B07N2V4CXX;;;;;;;LAMPARA 3LTABATHANEGRA 35;132;;211;211;;231;231;1812
687355;B07W6QH5YQ;;;;;;;SILLAANTICA II TELA BLANCA;132;;211;;;231;231;
755108;B07VRSKG3G;;;;;;;FOTOGRAFA COMMUNITY 150X100;132;;211;;;231;231;
794017;;;;;;;;PLAFON 3L LEDSPHERECR.30DIM;132;;211;211;;231;231;1903
847235;B07YBCN1C1;;;;;;;LAMPARA 4LVIKA BLANCO;132;;211;;;231;231;02/02/2020
924713;B01KLS6UP4;B01J23S2K0;B01J0MWLDW;;;;;ESPEJO AVENUE 80X120;132;;211;211;;231;231;
266426;B075V1NW9C;B075TZJ8WB;B076KP3LCG;;;;;LAMPARA 5LNARISA46 BLANCO;270;;212;432;Bombillas LED gratis;472,5;473;
563958;B01MR88B7I;;;;;;;MARE CHROME CEILING LAMP 3G9, 39;189;;212;302;;330,75;331;
391653;B00U1HVHWC;B00IGCOXSO;;;;;;LAMPARA FLASH 4L;135;;216;216;Incluimos las 4 bombillas Led 4W. GRATIS.;236,25;236;
442749;B075Z3WTMH;;;;;;;FAROL 1L KAYLA 77CM;135;;216;216;;236,25;236;
456453;B01J23T0GA;B01KZQBM0K;;;;;;LAMPARA LED DANA 49;135;;216;216;LED incluido. GARANTIZAMOS EL MEJOR PRECIO;236,25;236;
594629;;;;;;;;REPOSAPIES EGG BLANCO;135;;216;;;236,25;236;
757186;B081J53KZR;;;;;;;LIENZO IMPRESOTIMIDEZ100X140;135;;216;;;236,25;236;02/02/2020
854275D;;;;;;;;LAMPARA LED DIVA 34 DIMABLE;135;;216;216;;236,25;236;
743264;;;;;;;;MESA COMEDOR ZIGZAG;249;;219;466;;509;509;
198321;B00DQR4FIM;;;;;;;COLGANTE 4LZONEBLANCO;138;;221;221;Incluimos las 4 bombillas LED 10W. GRATIS.;241,5;242;
213639;B08427RZLX;B0843KDLCS;;;;;;LAMPARA 4LPETRA CROMO G9;138;;221;;;241,5;242;01/02/2020
346246;B07R7QPLNQ;;;;;;;LAMP.DE PIE 3LADAMEBLC/PLATA;138;;221;;;241,5;242;
394460;B07HWSHXGM;;;;;;;LAMPARATACCIA 4L LED CROMO;138;;221;221;;241,5;242;1903
462812;B07D8SVH8X;;;;;;;RELOJ DE PARED TREVISO 63;221;;221;221;;386,75;387;
475416;B07W7C1W4R;;;;;;;FAROL GRANDEJANABLANCO/ORO;132;;221;;;231;231;
492061;;;;;;;;SOBREMESADOMINECROMO CRISTAL;138;;221;;;241,5;242;
553350;B07N1WHCTH;;;;;;;LAMPARA 3LALESSAORO 30;138;;221;221;;241,5;242;1812
716208;B01KU10F12;B01J0PK4EW;;;;;;APLIQUE EDEN ORO 2L;129;;221;206;Incluimos las 2 bombillas LED 5,5W. GRATIS.;225,75;226;
786621;B0845QCJ95;B08427WD83;;;;;;LAMPARA LEDCOLETTE 47 DORADA;138;;221;;;241,5;242;01/02/2020
872729;B01ND46FHD;;;;;;;APLIQUE MINERVA 2L ORO;138;;221;221;;241,5;242;1903
29-E07/90;B00O8V3M66;B00DG6CRIS;B00LJW34J2;;;;;ESPEJO ROMA 95X75;153;;221;245;;267,75;268;
481541D;;;;;;;;PLAFN VERDI 4L MARFIL Y ORO;130;;221;211;;227,5;228;
794025;;;;;;;;PLAF.3L LEDSPHERECOLOR30DIM;141;;226;226;;246,75;247;1903
825306;B01J23SA34;B01KV6UZX4;B01KTZOP74;;;;;LAMPARA DE PIE LED TRAZO 20W;135;;226;216;LED incluido. GARANTIZAMOS EL MEJOR PRECIO;236,25;236;
453108;B07HZ732Y9;;;;;;;FAROL 1L MARA 38;144;;230;230;;252;252;1903
539764;;;;;;;;LIENZO IMPRESO NUDE 110X140;144;;230;;;252;252;
618609;B07G9FVC8D;;;;;;;SOBREMESA CAELUM;144;;230;230;;252;252;
721745;B00OD2BG22;;;;;;;ACRILICO PARTITURA 120X120;144;;230;230;;252;252;
761690;B07KYNV85S;;;;;;;LAMPARA D.PIE LEDLIMITMARRON;144;;230;230;;252;252;1903
763712;B07N44SJLJ;;;;;;;LMPARA LED MOLLY 55 ORO;144;;230;230;;252;252;1812
785263;B081HY643L;;;;;;;PLAFON RDO. 80QUASAR BLANCO;144;;230;;;252;252;02/02/2020
786645;B0845SRTTK;B08427S997;;;;;;LAMPARA LEDCOLETTE 47 CROMO;144;;230;;;252;252;01/02/2020
266946;B075XM7DLW;B076JFQ89S;;;;;;PLAFON 3L NARISA 32 CROMO;147;;235;235;;257,25;257;
316704;B07VNNP4GM;;;;;;;LIENZO IMPRESO VESTA 110X150;147;;235;;;257,25;257;
316872;B07VQWCYJK;;;;;;;LIENZO IMPRESO CLIO 110X150;147;;235;;;257,25;257;
316918;B07VLJ9LMB;;;;;;;LIENZO IMPRESO TALIA 110X150;147;;235;;;257,25;257;
345381;B081FGYKSH;;;;;;;LAMPARA 4LIZARNEGRO/CROMO;147;;235;;;257,25;257;02/02/2020
421862;B07VNNPT87;;;;;;;LIENZO IMPRESO HIMBA 110X150;147;;235;;;257,25;257;
552283;B01D0PH6E4;B00LJW2B32;B00RZ2UMMM;;;;;MESAS NIDO GLASS TRANSPTE.;147;;235;235;;257,25;257;
625211;B07G8JBRGC;;;;;;;LAMPARA LINEAL FLAVIA;147;;235;235;;257,25;257;
748472;B01MUT28P4;;;;;;;FOTO MUJER DORADA 150x100;147;;235;235;;257,25;257;1903
786430;B084286T7Y;B0845LX5BH;;;;;;PLAFON LEDCOLETTE 47 DORADA;147;;235;;;257,25;257;01/02/2020
831940;B07YBBSBGV;;;;;;;LAMPARA LED HELIA ORO 50;135;;235;;;236,25;236;02/02/2020
831963;B07YBCP85R;;;;;;;LAMPARA LED HELIA PLATA 50;135;;235;;;236,25;236;02/02/2020
266973N;B075XKP3ZS;B07D7XC88F;;;;;;PLAFON 3L NARISA 32 ORO;147;;235;235;;257,25;257;
456231D;;;;;;;;PLAFON LED DANA 39 DIMABLE;147;;235;235;;257,25;257;
373101;B07Y59GKCS;;;;;;;LAMPARAVARASORO/BLANCO 5L;150;;240;;;262,5;263;02/02/2020
373142;B07Y5BSF7L;;;;;;;LAMPARAVARASORO/NEGRO 5L;150;;240;;;262,5;263;02/02/2020
763824;B07N42V7T2;;;;;;;LMPARA LED MOLLY 55 CROMO;150;;240;240;;262,5;263;1812
783753;B01MSPF3V1;B01N0PFPE2;B01N1UQ5GQ;;;;; LAMPARA 25 ROCIO3LED CROMO;150;;240;230;LED incluido. GARANTIZAMOS EL MEJOR PRECIO;262,5;263;
89431589-7443;B00VCVOVQ0;B00LJW1KF2;;;;;;APLIQUE 2L. DOMO CROMO;150;;240;240;Incluimos las 2 bombillas LED 4W. GRATIS.;262,5;263;
163846;B00YCGKYQI;B00PQXT52A;;;;;;ESPEJO CLAUDIA 97X63;153;;245;245;;267,75;268;
663542;B01GSHU5GC;;;;;;;COLGANTE MERCURY CHAMPAN;153;;245;;;267,75;268;
764123;B07J2PMBQP;;;;;;;MESITA SONOMACRIST/MELAM;153;;245;245;;267,75;268;1903
786485;B0845MF3TJ;B08427CY1F;;;;;;PLAFON LEDCOLETTE 47 CROMO;153;;245;;;267,75;268;01/02/2020
124346;B015E8UV3I;B00XLPKHXQ;B01II158JU;B01N3667QK;;;;COLGANTE QUIOS 5L.;147;;250;235;Incluimos las 5 bombillas LED 10W. GRATIS.;257,25;257;
371235;B07N47B71H;;;;;;;PLAFONYOGAGRIS TITANIO 32W;156;;250;250;;273;273;1812
472684;B081JW73ZG;;;;;;;ESPEJO CIRZE 120X59;156;;250;;;273;273;02/02/2020
783741;B07G9CHP3N;;;;;;;LAMPARA 3 COLGANTES ROCIO ORO;156;;250;250;;273;273;
377485;B07Y8J5BV6;;;;;;;LAMP. LEDLIPSE 7 LUCES CROMO;144;;254;;;252;252;02/02/2020
482033;B07G8KLBP4;;;;;;;LAMPARA 3L INDIA 56;159;;254;254;;278,25;278;1903
507939;B00DG6JTQG;B00U1I9EL2;B01H0YRJMU;B01N4Q8I17;;;;PLAFON ARGOS 40;159;;254;254;Incluimos las 5 bombillas LED 6W. GRATIS.;278,25;278;
584214;B07HYCLR7M;;;;;;;LAMPARA LINEAL 4 LUCES NEBULA;159;;254;254;;278,25;278;
654942;B075TZQ4QJ;B076KV1PQD;;;;;;LAMPARA 47  VIAS 3L;159;;254;254;;278,25;278;
764599;B07J2RBN9Z;;;;;;;ESTANTERIASONOMACRIST/MELAM;159;;254;254;;278,25;278;1903
773421;B07N463HVR;;;;;;;LAMPARA 4LELIECROMO;159;;254;254;;278,25;278;1812
736543D;B07LC2X43L;;;;;;;LAMPARA LEDLINUR 26W DIMABLE;171;;254;274;;299,25;299;1903
281483;B07N477TDP;;;;;;;PLAFN LEDLARIS43 CROMO;162;;259;259;;283,5;284;1812
792538;B01H0YSDN4;B00PQXTSOK;;;;;;SILLA BARROQUE ACERO BLANCA;162;;259;259;;283,5;284;
792549;B00RZ2TO30;B00PQXTU8E;;;;;;SILLA BARROQUE ACERO BEIGE;162;;259;259;;283,5;284;
792572;B01H0YSHTY;B00XLPIBIO;B01II1PVOM;;;;;SILLA BARROQUE ACERO NEGRA;162;;259;259;;283,5;284;
373123D;;;;;;;;LAMPVARASCROMO/BLANCO 5 DIM.;162;;259;;;283,5;284;02/02/2020
746709;B016SBSRT0;;;;;;;LAMPARA ODYSSEY 26W LED;232;;260;;;406;406;02/02/2020
174011;B00DQR4DDO;B00U1HX9PK;B01N136J38;;;;;COLGANTE ANDROMEDA 6L;159;;264;254;Incluimos las 6 bombillas LED 4W. GRATIS.;278,25;278;
296243;B07W7R4L1J;;;;;;;MESA AUX.HADAS ACERO 50;165;;264;;;288,75;289;
324281;;;;;;;;LAMPARA PIE 5L LED LUCILA;159;;264;254;;278,25;278;
553472;B07N31N9JQ;;;;;;;LAMPARA 4LALESSACROMO;165;;264;264;;288,75;289;1812
564916;B07QZ2KSCM;;;;;;;RELOJ DE PARED TIMES 80;165;;264;;;288,75;289;
618271;B075XMGWGZ;B076JKJFCT;;;;;;PLAFON CAELUM COBRE 5G9 40;165;;264;264;;288,75;289;
266544N;B07D7VYVPS;;;;;;;SOBREMESA 3L NARISA ORO;165;;264;264;;288,75;289;
683759;;;;;;;;LAMPARA LED NAONIQUEL SATIN.;237;;265;;;414,75;415;02/02/2020
193364;B015EA7UBW;B01MS9OFBW;B01II1685S;B00ZU47VTO;;;;COLGANTE ARIAN 5L;195;;269;269;Incluimos las 5 bombillas LED 6W. GRATIS.;341,25;341;
193539;B015EAGDTW;B01N6T70JJ;;;;;;LAMPARA ARIAN 5L;195;;269;269;Incluimos las 5 bombillas LED 6W. GRATIS.;341,25;341;
553486;B07N31QT8B;;;;;;;LAMPARA 4LALESSAORO;168;;269;269;;294;294;1812
842016;B07J2KGGHC;;;;;;;MESA CENTROGLASS IIPATA HAYA;168;;269;;;294;294;
316451;B01H0YU634;B01D0PH92I;;;;;;SOBREMESA 1L. OVALOS NIQUEL;171;;274;274;;299,25;299;1903
213639D;B0843SGGH4;B084282WKJ;;;;;;LAMP. 4LPETRA CROMO DIM. G9;171;;274;;;299,25;299;01/02/2020
213790;B0844DQ676;B084288GMP;;;;;;LAMPARA 5L 51PETRA CROMO G9;174;;278;;;304,5;305;01/02/2020
266577;B076JDWQ9S;;;;;;;SOBREMESA 3L NARISA CROMO;174;;278;278;;304,5;305;
287693;B075V37XRN;;;;;;;ESPEJO NACAR II 80X120;174;;278;278;;304,5;305;
475273;B01CKC6Z2C;B01H0YT63A;B01D0PGYQ0;;;;;PLAFON LED PRISMA 4L;198;;278;278;LED incluido. GARANTIZAMOS EL MEJOR PRECIO;346,5;347;
508718;B00U1I9L4W;B01D0PGGU4;B01H0YRW54;B01MYAGDMH;;;;COLGANTE ARGOS 40;174;;278;278;Incluimos las 5 bombillas LED 6W. GRATIS.;304,5;305;
786716;B07N7M6SSZ;;;;;;;LMPARA LED COLETTE 60 ORO;174;;278;278;;304,5;305;1812
287506;B01KIKBN7A;B01J23SEA8;;;;;;ESPEJO NACAR 80X120;177;;283;283;;309,75;310;
532906;B01J23SH82;B01KXC7LZQ;;;;;;FIGURA DIONE NEGRO PLATA;177;;283;283;;309,75;310;
552097;;;;;;;;CONSOLA GLASS II PATA BLANCA;177;;283;;;309,75;310;01/02/2020
552141;;;;;;;;MESA CENTROGLASS II PATA BL.;177;;283;;;309,75;310;01/02/2020
2059P;;;;;;;;CRISTAL 160X90 MESA COMCALIMA;153;;283;245;;267,75;268;
622582;;;;;;;;COLGANTE SIGMA 5 LED CROMO;198;;285;;;346,5;347;
161461;B00IGCNQL4;B01CMK8RTQ;;;;;;SOBREMESA SATEN 2L;180;;288;288;Incluimos las 2 bombillas LED 6W. GRATIS.;315;315;
442637;B075Z6VBXP;;;;;;;FAROL 1L KAYLA 96CM;180;;288;288;;315;315;
618253;B075XKF9R8;B076JK55H4;;;;;;PLAFON CAELUM CROMO 5G9 40;180;;288;288;;315;315;
618492;B075V2G4KJ;B076KLSHY1;;;;;;LAMPARA CAELUM COBRE 5G9 40;171;;288;274;Bombillas LED gratis;299,25;299;
373101D;;;;;;;;LAMPVARASORO/BLANCO 5L DIM.;180;;288;;;315;315;02/02/2020
373142D;;;;;;;;LAMPVARASORO/NEGRO 5L DIM.;180;;288;;;315;315;02/02/2020
794025D;B07LFKY266;;;;;;;PLAF.3L LEDSPHERECOLOR30DIM;171;;288;274;;299,25;299;1903
736198;;;;;;;;CUADRO FRAGMENTOS AZUL 90;181;;290;;;316,75;317;02/02/2020
124465;B015E8WU9Q;B01II15AKW;B00XLPKLRS;B01MS9OB0B;;;;COLGANTE QUIOS 6L;177;;293;283;Incluimos las 6 bombillas LED 10W. GRATIS.;309,75;310;
273954;B07W6NNJH3;;;;;;;MESA AUX.DUETO REDONDA;183;;293;;;320,25;320;
786831;B07N7M3RT5;;;;;;;LMPARA LED COLETTE60 CROMO;183;;293;293;;320,25;320;1812
160563;B00DQR4KNW;;;;;;;PLAFON 4LSATENPEQ;207;;298;302;Incluimos las 4 bombillas G9 42W. GRATIS.;362,25;362;
394647;;;;;;;;LAMPARATACCIA 6L LED 38;186;;298;298;;325,5;326;1903
507039;B00BL7NBI4;;;;;;;PLAFON DIAMOND PQO;231;;298;302;Incluimos las 6 bombillas LED 4W. GRATIS.;404,25;404;
507818;B00DQR2RLO;B00U1IAWW2;;;;;;SOBREMESA DIAMOND 3L;222;;298;298;Incluimos las 3 bombillas LED 6W. GRATIS.;388,5;389;
584438;B07HYWZ7K7;;;;;;;COLGANTE 5 CAIDAS NEBULA;186;;298;298;;325,5;326;
736210;B01J23S5OI;B01KV6MD02;B06Y15L516;B01N9TYBL5;;;;LAMPARA DE PIE LEDLINUR25,4W;189;;298;302;LED incluido. GARANTIZAMOS EL MEJOR PRECIO;330,75;331;
794218;B07VYLTKL8;;;;;;;ESPEJO VESTIDOR CARLA 60X160;186;;298;;;325,5;326;
854416N;B07W67RTYY;;;;;;;LAMP.LED DIVA 3 CUADRADOS DIMABLE;189;;298;;;330,75;331;
195381;B00PG10VWA;B00PMANZFU;;;;;;ESPEJO VESTIDOR ELISA 51X163;189;;302;302;;330,75;331;
457491;B07VZNZ3X7;;;;;;;ESPEJO ANTONELLA60X160;189;;302;;;330,75;331;
553095;B075Z38JNV;;;;;;;MESA CENTRO GLASS III;189;;302;302;;330,75;331;
653841;;;;;;;;LAMPARA PIE LIDA NEGRO;270;;302;;;472,5;473;02/02/2020
29-E07/150;B00DG6CPUS;B00RZ314IC;;;;;;ESPEJO ROMA 150X50;189;;302;302;;330,75;331;
895260;;;;;;;;BAJORRELIEVE ZENDA  80X100;273;;306;;;477,75;478;02/02/2020
266290;B075TZJ8WB;B076KKXCXG;;;;;;LAMPARA 5LNARISA 47 BLANCO;192;;307;307;Bombillas LED gratis;336;336;
452193;;;;;;;;FIGURA MDBULLDOGDECO FRANJAS;192;;307;;;336;336;
509213;B00LJW40IG;B00U1I9NN6;B01H0YS4QA;B01D0PGJPQ;B01MUCVY8Y;;;LAMPARA ARGOS 3L. LINEA;192;;307;307;Incluimos las 3 bombillas LED 6W. GRATIS.;336;336;
748719;B07TK165YB;;;;;;;ESTUFA EXT.HEAT SOUND 1500W;192;;307;;;336;336;
456120D;;;;;;;;PLAFON LED DANA 49 DIMABLE;192;;307;307;;336;336;
679215N;B07VXRSNH2;;;;;;;LAMP LED CALA 2C 60 DIMABLE;192;;307;;;336;336;
662413;B00U1HY3H8;;;;;;;SOBREMESA CORINTO II C/PANT;195;;312;312;;341,25;341;1903
773572;B07N2ZMWJW;;;;;;;LAMPARA 5LELIECROMO 37;195;;312;312;;341,25;341;1812
507939D;;;;;;;;PLAFON ARGOS 40 DIMABLE;195;;312;312;;341,25;341;
553602;B07N2SW9VT;;;;;;;LAMPARA 6LALESSACROMO 38;197;;315;350;;344,75;345;1812
654639;B075V132WG;;;;;;;LAMPARA  47   AQUA  3L;219;;315;350;Bombillas LED gratis;383,25;383;
266284;B075V1QSV1;B076KBS1R8;;;;;;LAMPARA 5LNARISA 47 CROMO;192;;317;307;Bombillas LED gratis;336;336;
266847;B075XKTV91;B076JKSJPT;;;;;;PLAFON 5L NARISA47 BLANCO;198;;317;317;;346,5;347;
377934;B07Y8QP9HR;;;;;;;LAMP. LEDLIPSE 9 LUCES CROMO;198;;317;;;346,5;347;02/02/2020
508222;B00DG6IEW6;B00CH3GWT6;B01H0YROY8;B01D0PGECE;B01NAVCIV2;;;SOBREMESA ARGOS 40;198;;317;317;Incluimos las 4 bombillas LED 6W. GRATIS.;346,5;347;
552431;B014JQ4V8W;B00LJW2F2Y;;;;;;CONSOLA GLASS TRANSPARENTE;207;;317;331;;362,25;362;
618436;B075V15CKB;B076KHB4L1;;;;;;LAMPARA CAELUM CROMO 5G9 40;198;;317;317;Bombillas LED gratis;346,5;347;
664115;B00BL7LNCU;B00TDE6JRC;;;;;;COLGANTE DOBLE MERCURY 4L;189;;317;317;Incluimos las 4 bombillas LED 10W. GRATIS.;330,75;331;
689253;B07Y8R4LQY;;;;;;;LAMPARA 5LAVACROMO 43;198;;317;;;346,5;347;02/02/2020
716583;B01N55NT7W;B01N1QXFTD;;;;;;PLAFON EDEN ORO 40 3L;186;;317;298;Incluimos las 3 bombilla LED 10W. GRATIS.;325,5;326;
764011;B07J2LDQ7K;;;;;;;MESA CENTROSONOMACRIST/MELAM;198;;317;350;;346,5;347;1903
193364D;;;;;;;;LAMPARA ARIAN 5L DIMABLE;198;;317;317;;346,5;347;
193539D;;;;;;;;LAMPARA ARIAN 5L DIMABLE;198;;317;317;;346,5;347;
456453D;;;;;;;;LAMPARA LED DANA 49 DIMABLE;198;;317;317;;346,5;347;
876873-2071;B00PQXT836;;;;;;;MESA COMEDOR MALIBU ACERO;198;;317;317;;346,5;347;
375438;;;;;;;;LAMPARA LED ZOE 29W;363;;319;;;635,25;635;02/02/2020
776538;;;;;;;;BAJORRELIEVE THAIS 60X120;285;;319;;;498,75;499;02/02/2020
782619;B07KY17NDT;;;;;;;MESA CENTROMANHATTAN120X60;204;;326;;;357;357;
394529;B07HWQ9B3V;;;;;;;LAMPARATACCIA 6L LED 41;207;;331;331;;362,25;362;1903
793635;B075V12BZJ;B076MPTCLD;;;;;;LAMPARA 4L LED SPHERE;207;;331;317;;362,25;362;
832128;B00VDWZOZK;B00WN80TIK;;;;;;MASCARA FAZ CRISTAL NEGRO;207;;331;331;;362,25;362;
832139;B00WN87NRA;B00RZ2TZQQ;B00PQXTFE8;;;;;MASCARA FAZ ESPEJO PLATA;207;;331;331;;362,25;362;
213790D;B0844J8J9N;B084283CB6;;;;;;LAMP. 5L 51PETRA CR. DIM G9;207;;331;;;362,25;362;01/02/2020
508718D;B07R99J8PQ;;;;;;;COLGANTE ARGOS 40 DIMABLE;207;;331;;;362,25;362;
874426;B016SBZ2SY;;;;;;;LAMPARA LED ARUMA 38W;297;;333;;;519,75;520;02/02/2020
614157;B07N43ZRWS;;;;;;;PIE DE SALONLOOPBLANCO;210;;336;336;;367,5;368;1812
793659;B07KYTWZSY;;;;;;;LAMPARA 4L LED SPHERE COLOR;210;;336;;;367,5;368;
290152;B07KX5FDKW;;;;;;;ESPEJO CLEOPATRA 90X60;213;;341;;;372,75;373;
394834;B07N1PWVSR;;;;;;;LAMPARATACCIA6L CROMO/COLOR;213;;341;341;;372,75;373;1812
661946N;B07RLJ9KB8;;;;;;;LAMPARA D.PIE MERCURYCHAMPAN;213;;341;;;372,75;373;
661917;B00BL7M3K6;B00LJW1PMK;;;;;;PIE SALON MERCURY TRANS 1L;219;;346;346;Incluimos 1 bombilla LED 10W. GRATIS.;383,25;383;
302915;B00RZ2Y46C;;;;;;;ESPEJOCLASSICRDO.PLATA Y ORO;219;;350;;;383,25;383;02/02/2020
351822;B07VX8W3WM;;;;;;;ESPEJO CHIARA 80X120;219;;350;;;383,25;383;
373261;B07Y5MRPD2;;;;;;;LAMPARAVARAS CROMO/BLANCO 9L;219;;350;;;383,25;383;02/02/2020
648175;B015G26QVI;B01H0YTD38;B014WDVA6S;B01N136EFD;B01II163VM;;;COLGANTE ISIS 6L BLANCO/ORO;219;;350;350;Incluimos las 4 bombillas LED 10W. GRATIS.;383,25;383;
651542;B00OBSJRNS;B00RZ2UO3Y;B00IFE31JK;;;;;ESPEJO CURVES103X75;219;;350;350;;383,25;383;
653422;B015G4AI2Y;B01II16OZM;B014WDW2W4;B01MYAGSHS;;;;LAMPARA FOX 4L CHOCOLATE;252;;350;350;Incluimos las 4 bombillas VINTAGE 6W. GRATIS.;441;441;
794368;B07VZPBS4R;;;;;;;ESPEJO ISADORA 100;219;;350;;;383,25;383;
29-E35;B00O8UK210;B00DG6C8LY;;;;;;ESPEJO ALBERTA 80;219;;350;350;;383,25;383;
854416D;;;;;;;;LAMP.LED DIVA 3CUAD. DIMABLE;219;;350;350;;383,25;383;
213301;B0843R2X1C;B0842854RH;;;;;;LAMPARA 3L 60PETRACROMO E27;222;;355;;;388,5;389;01/02/2020
287753;B07W6N588J;;;;;;;MESA AUX.AROS ACERO 45;222;;355;;;388,5;389;
371102;B07N4CBGKP;;;;;;;PLAFONYOGA GRIS TITANIO 48W;222;;355;355;;388,5;389;1812
748592;;;;;;;;HEAT I OUTDOOR HEATER 2100W BLACK;222;;355;0;;388,5;389;
679215D;;;;;;;;LAMP LED CALA 2C 60 DIMABLE;222;;355;355;;388,5;389;1903
213455;B0843KR6Z3;B0842892W1;;;;;;LAMPARA 3LPETRA CROMO E27;225;;360;;;393,75;394;01/02/2020
193453;B015EABT46;B01NBWG2X2;B01II16AFG;B00ZU484TU;;;;COLGANTE ARIAN 7L;270;;365;365;Incluimos las 7 bombillas LED 6W. GRATIS.;472,5;473;
345509;B07Y3B749Z;;;;;;;LAMPARA  9LALTAISNEGRO/CROMO;228;;365;;;399;399;02/02/2020
553616;B07N2SZG9G;;;;;;;LAMPARA 6LALESSAORO 38;228;;365;365;;399;399;1812
569120;B081JWZ7XH;;;;;;;ESPEJO AURORA PLATA 120X80;228;;365;;;399;399;02/02/2020
783517;B01H0YRMRM;B00PQXTT9Y;B01NBWIOPR;;;;;LAMPARA 30 ROCIO5 LED CROMO;228;;365;365;LED incluido. GARANTIZAMOS EL MEJOR PRECIO;399;399;
584438D;B07R998JZC;;;;;;;LAMPARA NEBULA5L LED DIMABLE;228;;365;;;399;399;
266866;B075XLGSPX;B076JJ8CYC;;;;;;PLAFON 5L NARISA 47 CROMO;231;;370;370;;404,25;404;
281275;B07N314YPX;;;;;;;LMPARA LEDLARIS62 CROMO;231;;370;370;;404,25;404;1812
793523;B075TZPRGJ;B076M31C77;;;;;;LAMPARA 5L LEDSPHERE33;231;;370;370;;404,25;404;
852508;B081JZVWNL;B075V4F9NY;;;;;;ESPEJO RIZOS 80X120;231;;370;;;404,25;404;02/02/2020
266251N;B075V2B33K;B07D7W3W6S;;;;;;LAMPARA 5LNARISA47 ORO;231;;370;370;Bombillas LED gratis;404,25;404;
266822N;B075XLSWGN;B07D7XKLC3;;;;;;PLAFON 5L NARISA 47 ORO;231;;370;370;;404,25;404;
689253D;;;;;;;;LAMPARA 5LAVACRM.43 DIMABLE;231;;370;;;404,25;404;02/02/2020
876873-2084;B00YFIEGOY;;;;;;;MESA COMEDOR MALIBU ACERO;231;;370;370;;404,25;404;
385415;B00DG6D64W;B00OBQRBY2;;;;;;ESPEJO ALHAMBRA RECTANGULAR;234;;374;374;;409,5;410;
593375;B06Y1VBK49;;;;;;;ESPEJO REDONDO AURORA 100;234;;374;;;409,5;410;02/02/2020
754306;B07W3P68TM;;;;;;;CONSOLA MIRNA 140X45;234;;374;;;409,5;410;
794172;B075V3S6YX;;;;;;;ESPEJOSPHERE 80X120;234;;374;374;;409,5;410;
827635;B015HLJWOG;B01II1AP84;B00ZU47GJ4;;;;;LAMPARA DE PIE COSMO 2L;234;;374;374;LED incluido. GARANTIZAMOS EL MEJOR PRECIO;409,5;410;
373250;B07Y5CY3F8;;;;;;;LAMPARAVARASORO/BLANCO 9L;237;;379;;;414,75;415;02/02/2020
480152;B07VY9XSKG;;;;;;;ESPEJO VALENTINA 80X120;237;;379;;;414,75;415;
793635D;B07LCVN2T8;;;;;;;LAMP.4L LEDSPHERECROMO DIMAB;237;;379;379;;414,75;415;1903
184136;B07VX9GVYV;;;;;;;ESPEJO MARTINA 100;240;;384;;;420;420;
589204;B0844KYQTS;;;;;;;PIE SALON ARCUS ORO;240;;384;;;420;420;01/02/2020
593364;B081JZ69DP;;;;;;;ESPEJO RDO. AURORA PLATA;240;;384;;;420;420;02/02/2020
783529;B01NBWL9O3;B01H0YROM0;;;;;;LAMPARA 30 ROCIO 5 LED ORO;240;;384;370;LED INCLUIDO;420;420;
793659D;B07YB6VHB2;;;;;;;LAMP.4L LEDSPHERECOLOR DIMAB;240;;384;;;420;420;02/02/2020
152461;B00LJW1Z5W;B00TDE68QY;;;;;;COLGANTE CRONOS BLANCO GDE;243;;389;389;LED incluido. GARANTIZAMOS MEJOR PRECIO;425,25;425;
783618;B01GSIB4VQ;;;;;;;LAMPARA ROCIO 5 LED CROMO;243;;389;;;425,25;425;
786966;B08427R33N;B0845MV6CZ;;;;;;LAMPARA LEDCOLETTE 80 DORADA;243;;389;;;425,25;425;01/02/2020
793534;B07KYV3T68;;;;;;;LAMPARA 5L LED SPHERE COLOR;243;;389;389;;425,25;425;1903
854321;B01J23T8F8;B01LLGJG0Q;;;;;;LAMPARA LED DIVA OVAL60;243;;389;389;LED incluido. GARANTIZAMOS EL MEJOR PRECIO;425,25;425;
876873-2082;;;;;;;;MESA COMEDOR MALIBU ACERO;243;;389;389;;425,25;425;
160974;B07KX5KJSN;;;;;;;ESPEJO FUSION RECTANG.110X80;246;;394;394;;430,5;431;1903
182504;B07VTR4448;;;;;;;ESPEJO AMELIA 80X120;249;;398;;;435,75;436;
373378;B07Y5N3R9C;;;;;;;LAMPARAVARASCROMO/BLANCO 11L;252;;398;;;441;441;02/02/2020
374925;B07R156YFQ;;;;;;;CONSOLA BALI AZUL 115 CM;249;;398;;;435,75;436;
373261D;;;;;;;;LAMPVARASCROMO/BLANCO 9L DIM;249;;398;;;435,75;436;02/02/2020
653422D;;;;;;;;LAMPARA FOX 4L CHOCOLATE;249;;398;398;;435,75;436;
287760;B07W7RKTT5;;;;;;;MESA AUX.AROS ORO 45;252;;403;;;441;441;
29-E13;B00O8UDT9M;B00DG6CU8A;;;;;;ESPEJO ZEUS G 100;252;;403;403;;441;441;
786508;B0845L55CY;B084282X4G;;;;;;PLAFON LEDCOLETTE 80 DORADA;255;;408;;;446,25;446;01/02/2020
786973;B08428D9YG;B0845P2Q3F;;;;;;LAMPARA LEDCOLETTE 80 CROMO;255;;408;;;446,25;446;01/02/2020
876352;B00PQXTLDI;B01D0PGDP2;B01H0YRD08;B01N4Q86RK;;;;PLAFON ARIADNA 9L;255;;408;394;Incluimos las 9 bombillas LED 4W. GRATIS.;446,25;446;
386113;;;;;;;;ESPEJO CITY RECTANGULAR;297;;413;475;;519,75;520;
716478;B01J23SZZC;B01KVWDP3A;B01J0PK9CO;;;;;PLAFON EDEN ORO 55 4L;243;;413;389;Incluimos las 4 bombilla LED 10W. GRATIS.;425,25;425;
783627;B01GSII6LC;B01J23S1SS;;;;;;LAMPARA ROCIO 5 LED ORO;258;;413;;;451,5;452;
345509D;;;;;;;;LAMPARA 9LALTAISN/CR DIMABLE;261;;418;;;456,75;457;02/02/2020
793523D;B07LCV3VKF;;;;;;;LAMP.5L LEDSPHERECRM.33 DIM;261;;418;418;;456,75;457;1903
652138;B0844H8TGZ;B084284LVL;;;;;;LAMPARA PEQUEAELIPSE ORO;264;;422;;;462;462;01/02/2020
786577;B08427ZLPX;B0845LBH3B;;;;;;PLAFON LEDCOLETTE 80 CROMO;264;;422;;;462;462;01/02/2020
821629;B014JQLPTU;B01H0YTVJE;B00IGCOJF6;B01D0PHBAI;B01MYART4P;;;MESA RINCONERA CALIMA;264;;422;422;;462;462;
193453D;;;;;;;;LAMPARA ARIAN 7L DIMABLE;267;;427;427;;467,25;467;
373250D;;;;;;;;LAMPVARASORO/BLANCO 9L DIM.;267;;427;;;467,25;467;02/02/2020
783517D;B01NA9GPF4;B01N9G4EA5;B01MYAGQZ9;B07G98LVNW;;;;LAMP.30ROCIO5LED CR.DIMABLE;258;;427;475;LED incluido. GARANTIZAMOS EL MEJOR PRECIO;451,5;452;
373342;B07Y5LNYJ5;B07Y1YY8QX;;;;;;LAMPARA VARAS ORO/BLANCO 11L;270;;432;;;472,5;473;02/02/2020
508030;B00DQR2U2A;B00U1I9FUM;B01H0YRLDC;B01D0PGD66;B01MR88BQC;;;PLAFON ARGOS 50;270;;432;432;Incluimos las 6 bombillas LED 6W. GRATIS.;472,5;473;
876360;B01H0YRFT2;B00PQXTMMI;B01D0PGE88;B01MR88967;;;;PLAFON ARIADNA CHAMPAGNE 9L;270;;432;413;Incluimos las 9 bombillas LED 6W. GRATIS.;472,5;473;
725751;B081K1KZTP;;;;;;;ESPEJO CIRZE 140X60;273;;437;;;477,75;478;02/02/2020
152461D;B07G75B262;;;;;;;LAMP.LEDCRONOSBLANCO DIMABLE;273;;437;437;;477,75;478;1903
281275D;B07R5C2CVZ;;;;;;;LMP.LED LARIS62 CR.DIMABLE;261;;437;;;456,75;457;
793534D;B07LCV4WRD;;;;;;;LAMP.5L LEDSPHERECOLOR33DIM;273;;437;437;;477,75;478;1903
507130;B00U1IATFC;B00BL7N9PE;;;;;;PLAFON DIAMOND GDE.;330;;442;442;Incluimos las 9 bombillas LED 4W. GRATIS.;577,5;578;
568672;B079N77YVB;;;;;;;LAMPARA LED ANASTASIA 3L 62;321;;442;442;;561,75;562;
508111;B00U1I9HBO;B00BL7NBYI;B00CH3H9OI;B01H0YRN30;B01D0PGDRK;B01NAVGP0P;;COLGANTE ARGOS 50;315;;446;446;Incluimos las 6 bombillas LED 6W. GRATIS.;551,25;551;
783529D;B07G9BKKKH;;;;;;;LAMPARA 5 LUCES ROCIO ORO DIMABLE ;270;;446;418;;472,5;473;
764352;;;;;;;;CONSOLASONOMACRIST/MELAM;282;;451;451;;493,5;494;1903
783618D;;;;;;;;LAMP.LEDROCIOCROMO 5LDIMABLE;273;;451;437;;477,75;478;1903
301012;B00U1HYZBC;B00BL7LAH8;;;;;;LMPARA 6L RDA. ARTEMIS;285;;456;456;Incluimos las 6 bombillas LED 4W. GRATIS.;498,75;499;
618859;B01J23SX2C;B01L0DQUL8;B01H0YSRNA;B01GBJMTWA;B01MUCW47V;;;LAMPARA CAELUM COBRE 6G9 50;285;;456;456;Incluimos las 6 bombillas LED 4W. GRATIS.;498,75;499;
753108;B07N2T1RPR;;;;;;;LAMPARA KUMA INOX.LED;285;;456;456;;498,75;499;1812
520783;B00U1HXIZ6;;;;;;;LAMPARA 6LMERCURY II METAL;279;;461;446;Incluimos las 6 bombillas LED 4W. GRATIS.;488,25;488;
174112;B00DQR1KA8;B00U1HXATU;B01MUCWRS5;;;;;COLGANTE ANDROMEDA 8L CROMO;291;;466;;;509,25;509;
751213;B00OE0W5P0;B00F4PDKSK;B00VDWZP36;;;;;BAJORRELIEVE CUBIC RECTANGUL;291;;466;466;;509,25;509;
481016;B00BL7O9PI;;;;;;;LAMPARA VERDI 6L. MARFIL Y ORO;273;;470;470;;477,75;478;
373378D;;;;;;;;LAMPVARASCROM/BLANCO 11L DIM;282;;470;;;493,5;494;02/02/2020
876352D;;;;;;;;PLAFON ARIADNA 9L;288;;470;461;;504;504;1903
118624;B00PM8H16G;B00PG0JY74;B01DI7S8S2;B00RZ2WRP2;B00PQXTCXM;;;ESPEJO DUNIA RECTANGULAR;297;;475;475;;519,75;520;
160674;B00DQR4L7M;;;;;;;PLAFON 5LSATENGDE;327;;475;475;Incluimos las 5 bombillas LED 6W. GRATIS.;572,25;572;
266695;B075Z45LG3;B076JCJLXN;;;;;;PIE SALON 5L NARISA CROMO;297;;475;475;;519,75;520;
385314;B00DG6D7IM;B00OBQNLOQ;;;;;;ESPEJO AROS;297;;475;475;;519,75;520;
564803;B01CDF86H8;;;;;;;RELOJ DE PARED TIMES 120;297;;475;475;;519,75;520;
618318;B075XL23MC;B076JJL11Q;;;;;;PLAFON CAELUM CROMO 6G9 50;297;;475;475;;519,75;520;
679526;B075V1QM2H;B076M3RM85;;;;;;LAMPARA LED CALA 103W;297;;475;475;;519,75;520;
753114;B07N2THZFG;;;;;;;LAMPARA KUMA ORO LED;297;;475;475;;519,75;520;1812
831622;B07YBDB4N2;;;;;;;LAMPARA LED HELIA ORO 100;267;;475;;;467,25;467;02/02/2020
831635;B07YBCVC2Z;;;;;;;LAMPARA LED HELIA PLATA 100;267;;475;;;467,25;467;02/02/2020
266616N;B075Z4Y5V4;B076J9R8D6;B07D7WN8DZ;;;;;PIE SALON 5L NARISA ORO;297;;475;475;;519,75;520;
373342D;;;;;;;;LAMPVARAS ORO/BLANCO 11L DIM;297;;475;;;519,75;520;02/02/2020
508030D;;;;;;;;PLAFON ARGOS 50 DIMABLE;297;;475;475;;519,75;520;
679526N;;;;;;;;LAMP.LED CALA 5 PIEZAS DIMABLE;297;;475;;;519,75;520;02/02/2020
716478D;;;;;;;;PLAFON EDEN ORO 55 4L;297;;475;475;;519,75;520;
783627D;;;;;;;;LAMP.LEDROCIOORO 5L DIMABLE;288;;475;461;;504;504;1903
854537N;;;;;;;;LAMP.LED DIVA 4 CUADRADOS DIMABLE;297;;475;;;519,75;520;02/02/2020
876360D;;;;;;;;PLAFON ARIADNA CHAMPAGNE 9L DIMABLE;297;;475;;;519,75;520;
877503;B07DCFB4R2;;;;;;;MESA DE CENTRO TRENTO6C GRIS;432;;484;864;;756;756;
754192;B07W7LWNPM;;;;;;;MESA COMEDORMIRNA160X90;306;;490;;;535,5;536;
854321D;;;;;;;;LAMPARA LEDDIVA OVAL DIMABLE;309;;494;494;;540,75;541;
507514;B00BL7P24U;;;;;;;COLGANTE DIAMOND GDE.;420;;499;557;Incluimos las 9 bombillas LED 4W. GRATIS.;735;735;
662514;B00U1IAP4M;B00DG6IBCO;;;;;;PIE SALN DECO ORO 1L.;318;;499;509;;556,5;557;1903
508111D;B07VWS7F6P;;;;;;;LAMPARA ARGOS 50 DIMABLE;312;;499;;;546;546;
748631;;;;;;;;ESTUFA EXT.HEAT II2100W NEG.;315;;504;;;551,25;551;
932401;B075TZBF2Q;;;;;;;LAMPARA CHANTAL 4L CROMO 45;315;;504;504;Bombillas LED gratis;551,25;551;
520783D;;;;;;;;LAMPARA 6LMERCURY II METAL;321;;514;514;;561,75;562;
618547;B075TY85DF;B076KM46LH;;;;;;LAMPARA CAELUM CROMO 6G9 50;324;;518;518;Bombillas LED gratis;567;567;
174112D;;;;;;;;LAMPARA ANDROMEDA8L DIMABLE;324;;518;518;;567;567;
651431;B00OBSHB7C;B00RZ2U00G;;;;;;ESPEJO CURVES 160X70;327;;523;523;;572,25;572;
481016D;;;;;;;;LAMP.VERDI 6L.MARF-ORO DIMABLE;327;;523;;;572,25;572;
497751;B07W8WMRF2;;;;;;;SILLON JOYCE AMARILLO;330;;528;;;577,5;578;
29-E07/178;B00DG6CQS4;B00O8V7KN2;;;;;;ESPEJO ROMA 178X80;390;;528;528;;682,5;683;
29-E16;B00OBT02XG;B00DG6CEJU;;;;;;ESPEJO CLEOPATRA 120X78;333;;533;533;;582,75;583;
373416;B07Y8BZ3BM;;;;;;;LAMPARAVARASCROMO/BLANCO 14L;336;;538;;;588;588;02/02/2020
542013;B00DQR1TJ0;;;;;;;LAMPARA 8LNOVATRANSPARENTE.;339;;542;542;Incluimos las 8 bombillas LED 6W. GRATIS.;593,25;593;
758022;B07J2K9WKN;;;;;;;MESA COMEDOR TAIMA 180X90;339;;542;;;593,25;593;
872611;B00U1HXM3Y;B01N5RJ27S;;;;;;LAMPARA MINERVA 6L;339;;542;542;Incluimos las 6 bombillas LED 6W. GRATIS.;593,25;593;
754031;B07W5PTCCZ;;;;;;;MESA COMEDORMIRNA200X90;345;;552;;;603,75;604;
876113;;;;;;;;LAMPARA ARIADNA 12L;348;;557;557;Incluimos las 12 bombillas LED 4W. GRATIS.;609;609;
373437;B07Y8CWLHH;B07Y1ZLSTR;;;;;;LAMPARAVARASORO/BLANCO 14L;363;;581;;;635,25;635;02/02/2020
711132;B00BL7R5HM;B00U1HUN2W;;;;;;PLAFON ELOISE 8L.;366;;586;586;Incluimos las 8 bombillas LED 6W. GRATIS.;640,5;641;
373416D;;;;;;;;LAMPVARASCROM/BLANCO 14L DIM;366;;586;;;640,5;641;02/02/2020
924071;B017NVOTPU;B01H0YS690;B0183SHE7M;B01II2SR7Y;;;;CUADRO LECTURA 90;372;;595;595;;651;651;
542013D;;;;;;;;LAMPARA 8LNOVATRANSPARENTE.;372;;595;595;;651;651;
854537D;;;;;;;;LAMP.LED DIVA 4 CUAD.DIMABLE;378;;605;605;;661,5;662;
876113D;;;;;;;;LAMPARA ARIADNA 12L;384;;614;614;;672;672;
685201;B07R1695H6;;;;;;;MESITA MOONLIGHT INOX. LED;420;;619;;;735;735;
594782;B00PQXTVEW;;;;;;;SILLON EGG BLANCO ECOPIEL;390;;624;624;;682,5;683;
594782N;B07W5R5QD6;;;;;;;SILLON EGG BLANCO ECOPIEL;390;;624;;;682,5;683;
373437D;;;;;;;;LAMPVARASORO/BLANCO 14L DIM;393;;629;;;687,75;688;02/02/2020
679526D;;;;;;;;LAMP.LED CALA 5PZAS.DIMABLE;393;;629;629;;687,75;688;
412371;B07QXZR4L6;;;;;;;CONSOLA ORNELLA ALUMINIO;396;;634;;;693;693;
820318;B014JQ5M2Q;B00LJW2FJM;B00RZ2VPB4;;;;;MESA CENTRO RECTCALIMA ACERO;396;;634;634;;693;693;
305963;;;;;;;;MESITA DRESDE 2 CAJONES;399;;638;;;698,25;698;02/02/2020
652043;B0844HQH9L;B08427XYVJ;;;;;;LAMPARA GRANDEELIPSE ORO;399;;638;;;698,25;698;01/02/2020
685216;B07R66LXGP;;;;;;;MESITA MOONLIGHT ORO LED;474;;638;;;829,5;830;
754861;B00VDX1B2Y;;;;;;;CONSOLA ARTES 110;399;;638;638;;698,25;698;
793091;B07HZ63BQB;;;;;;;COLGANTE SPHERE 9 LUCES MULTICOLOR;411;;658;658;;719,25;719;
876124;B01N5RJJFX;;;;;;;LAMPARA ARIADNACHAMPAGNE 12L;417;;667;638;Incluimos las 12 bombillas LED 6W. GRATIS.;729,75;730;
793746;B075V134CX;B076M8D26N;;;;;;LAMPARA 14L LED SPHERE 51;429;;686;686;;750,75;751;
161022;B000F9J7NW;B00OBFPHTE;B00RZ30RK8;;;;;ESPEJOFUSIONRECTANGULAR;465;;691;691;;813,75;814;
386279;B07VWCGGBL;;;;;;;ESPEJO LANA 160X120;435;;696;;;761,25;761;
792425-2073;B00RZ2YGTC;B01H0YSAZU;B00PQXT1VK;;;;;MESA CENTRO BARROQUE AC/CR;441;;706;706;;771,75;772;
793091D;B07LCSGC72;;;;;;;LAMP.9L LEDSPHERECOL.50 DIM;441;;706;706;;771,75;772;1903
695190;B07W6RLBFP;;;;;;;SILLON SACHA AZUL;444;;710;;;777;777;
792386-20721;B01H0YS8UW;B00PQXSUG2;;;;;;CONSOLA BARROQUE 120CM.;444;;710;710;;777;777;
281360;B07N32C18R;;;;;;;LMPARA LEDLARIS82 CROMO;453;;725;725;;792,75;793;1812
305391;B07D9TTKL2;;;;;;;MESA CENTRO DRESDE 140;725;;725;725;;1268,75;1269;
876124D;;;;;;;;LAMPARA ARIADNACHAMPAGNE 12L;453;;725;725;;792,75;793;
651320;B00OBSDWQG;B01H0YTPOU;B00IFE32R6;;;;;ESPEJO IRINA 200X90;546;;730;826;;955,5;956;
793746D;B07LCV6LBN;;;;;;;LAMP.14L LEDSPHERECR.5 DIM;459;;734;734;;803,25;803;1903
584541;B07HZB9464;;;;;;;COLGANTE 12 CAIDAS NEBULA;438;;749;701;;766,5;767;
598301;B07W4M4HFC;;;;;;;SILLON ANDREWS VERDE OSCURO;471;;754;;;824,25;824;
872593;B00U1HXJYQ;B01H0YUTO0;B01D0PG7DK;B00LJW2WF4;;;;PLAFON MINERVA 6L;477;;763;763;Incluimos las 6 bombillas LED 6W. GRATIS.;834,75;835;
877342;B07DDFHS6M;;;;;;;APARADOR LECCO 4C 160 GRIS;477;;763;763;;835;835;
281360D;B07R8TSV1M;;;;;;;LAMP.LED LARIS82 CR.DIMABLE;483;;773;;;845,25;845;
462952;B07W8XPV3K;;;;;;;SILLON SAORI INOX;492;;787;;;861;861;
716620;B01J23T966;B01L1UXG5I;B01J0PKCMG;;;;;LAMPARA EDEN ORO 6L;471;;787;754;Incluimos las 6 bombilla LED 5,5W. GRATIS.;824,25;824;
753260;B07N2VMF7J;;;;;;;LAMPARA OBLIC INOX. LED;492;;787;787;;861;861;1812
756729;B075V385VQ;B076M1XKW3;;;;;;LAMPARA KATIA 10L ACERO 90;498;;797;797;Bombillas LED gratis;871,5;872;
761398;;;;;;;;MESA CENTRO ALBINA 140X70;498;;797;;;871,5;872;02/02/2020
840842-2061;B01H0YUAUI;;;;;;;MESA DE CENTRO TIME;570;;797;912;;997,5;998;
860752-2083;B00LJW2J34;B01D0PG4DS;B01H0YUNPA;;;;;MESA DE CENTRO DENVER;555;;797;888;;971,25;971;
685364;;;;;;;;MESA CENTROMOONLIGHTORO LED;834;;798;;;1459,5;1460;
584541D;B07R994S93;;;;;;;LAMP. NEBULA 12L LED DIMABLE;519;;830;;;908,25;908;
716620D;B07LBZTBQK;;;;;;;LAMPARA EDEN ORO 6L;525;;840;840;;918,75;919;1903
431851;;;;;;;;FIGURA GR BULLDOG MULTICOLOR;531;;850;;;929,25;929;
431862;;;;;;;;FIGURA GRBULLDOGDECO FRANJAS;531;;850;;;929,25;929;
496851;B07DDJH2RQ;;;;;;;CONSOLA MILENIA 120x40;864;;864;864;;1512;1512;
753251;B07N2TB6WN;;;;;;;LAMPARA OBLIC ORO LED;543;;869;869;;950,25;950;1812
756853;B075V16SDY;B076MJB1PJ;;;;;;LAMPARA KATIA 14L ACERO 80;990;;871;1709;Bombillas LED gratis;1732,5;1733;
745201;B07D9S562B;;;;;;;MESA COMEDOR MORGAN 220 GRIS;792,00;;887;1733;;1386;1386;
821437;B01N13HDCD;B00CLLX8AK;B01H0YTU7M;B01D0PHAMW;B00S0SV4SG;;;CONSOLA CALIMA INOX;558;;893;893;;976,5;977;
696318;B015HAPKPM;B01H0YT5OA;B01MUCUFQG;B06Y1VBK49;B06Y1VBK49;B00XLPIPH6;;PLAFON BRUMA 5L+LED;657;;912;1051;Incluimos las 5 bombillas LED 7W. GRATIS.;1149,75;1150;
753321;B07N3WVL9N;;;;;;;LAMPARA LIMUS INOX. LED;573;;917;917;;1002,75;1003;1812
698426;B07WL1LBB8;;;;;;;CONSOLA ZAILA INOX  LED;576;;922;;;1008;1008;
305714;;;;;;;;CABECERO DRESDE150 TELA GRIS;579;;926;926;;1013,25;1013;1903
696427;B015HAUH7S;B01II17X9S;B00XLPIMJC;;;;;LAMPARA PEQ.BRUMA 5L+LED;630;;926;926;Incluimos las 5 bombillas LED 7W. GRATIS.;1102,5;1103;
792219-20701;B01H0YS6X6;B00PQXT6O2;;;;;;MESA COMEDOR BARROQUE 160CM;585;;936;936;;1023,75;1024;
877019;B07D9LCGQW;;;;;;;MESA COMEDOR OXLEY 180 GRIS;588,00;;941;941;;1029;1029;
29-E47;B010E3KM32;B00DG6CSSM;;;;;;ESPEJO  SORRENTO 210X97;591;;946;946;;1034,25;1034;
305284;B07D8W2FPM;;;;;;;MESA COMEDOR DRESDE 180;1.138,00;;955;1138;;1991,5;1992;
685483;;;;;;;;CONSOLA MOONLIGHTINOX.LED;597;;955;;;1044,75;1045;02/02/2020
579814G9;B00U1HUU5W;;;;;;;COLGANTE ESPIRAL 1 BOLA G9;597;;955;955;;1044,75;1045;
793269;;;;;;;;LAMP.14L LEDSPHERECR.60 DIM;612;;979;979;;1071;1071;1903
447510;B01J23SSIQ;B01KZOACBW;B06WLN9WBP;B01N6T64H5;B01KZOACBW;B01MR8JQ8W;;LAMPARA LED ANISIA 71;636;;998;1018;Incluye LED. GARANTIZAMOS EL MEJOR PRECIO;1113;1113;
793258;B07HZ4K6TY;;;;;;;COLGANTE SPHERE 15 LUCES MULTICOLOR;636;;998;1018;;1113;1113;
753319;B07N426VLN;;;;;;;LAMPARA LIMUS ORO LED;630;;1008;1008;;1102,5;1103;1812
579814G9D;;;;;;;;COLGANTE ESPIRAL 1 BOLA G9;630;;1008;1008;;1102,5;1103;1903
785635;B01H0YRZ7Y;B00PQXSQ84;;;;;;LAMPARA 50ROCIO14 LED CROMO;642;;1027;1027;LED incluido. GARANTIZAMOS EL MEJOR PRECIO;1123,5;1124;
793269D;B07LCS4W6B;;;;;;;LAMP.14L LEDSPHERECR.60 DIM;642;;1027;1.027,00;;1123,5;1124;1903
305850;;;;;;;;CABECERO DRESDE180 TELA GRIS;645;;1032;1032;;1128,75;1129;1903
305137;B07D8TDZZH;;;;;;;MESA DE COMEDOR DRESDE 220;1.258,00;;1037;1258;;2201,5;2202;
738026;;;;;;;;MESA COMEDOROLIVIA160X90 EXT;654;;1046;;;1144,5;1145;02/02/2020
793258D;B07LCVMP3R;B07KY1CY56;;;;;;LAMP.14L LEDSPHERECOL.60DIM;666;;1066;1.066,00;;1165,5;1166;1903
785635D;B07G9DYP27;;;;;;;LAMPARA ROCIO CROMO 15 LUCES DIMABLE;672;;1075;1075;;1176;1176;
792107-20691;B01H0YS50U;B00PQXT5KC;;;;;;MESA COMEDOR BARROQUE 200CM;693;;1109;1109;;1212,75;1213;
685497;B07W44YF1D;;;;;;;CONSOLA MOONLIGHTORO LED;696;;1114;;;1218;1218;
983162;;;;;;;;MESA COMEDOR EXT.ALAI MARRON;696;;1114;;;1218;1218;02/02/2020
742350;B07KXVWP2D;;;;;;;MESA COMEDOR NOA 180x90;705;;1128;1128;;1233,75;1234;1903
496640;B07DC4W957;;;;;;;MESA DE CENTRO MILENIA140x80;1.157,00;;1157;1157;;2024,75;2025;
586911;B07R172SRX;;;;;;;CONSOLAAUREA INOX.150X40 LED;729;;1166;;;1275,75;1276;
785648;B01J23S2JQ;B01L1Z6H22;B01II1AFFM;;;;;LAMPARA 50ROCIO14 LED ORO;732;;1171;1171;LED incluido. GARANTIZAMOS EL MEJOR PRECIO;1281;1281;
496925;B07D9K22J3;;;;;;;MESA COMEDOR MILENIA180x100;1.200,00;;1200;1200;;2100;2100;
685372;B07R69P6F3;;;;;;;MESA CENTROMOONLIGHTINOX.LED;756;;1210;;;1323;1323;
872853;B00U1HXPJ0;B01H0YUWCO;B01N135VAN;B00LJW3SS4;B01N135VAN;;;LAMPARA MINERVA 10L.;762;;1219;1219;Incluimos las 10 bombillas LED 6W. GRATIS.;1333,5;1334;
785648D;B00PQXSQ84;;;;;;;LAMPARA ROCIO ORO 15 LUCES DIMABLE;762;;1219;1219;;1333,5;1334;
250516N;B00XLPHCHK;B01LY3RFOF;;;;;;MESA ALBA EXTEN.CR. BLANCO;888;;1248;1248;;1554;1554;
872853D;B07LGCPSYF;;;;;;;LAMPARA MINERVA 10L DIMABLE;795;;1272;1272;;1391,25;1391;1903
496503;;;;;;;;MUEBLE TV MILENIA160x100;798;;1277;1.277,00;;1396,5;1397;1903
541450;B00BL7MMIY;B01N7UGMKK;B00VCVR6AI;;;;;LAMPARA 15LNOVATRANSPARENTE;798;;1277;1277;Incluimos las 5 bombillas LED 4W. GRATIS.;1396,5;1397;
586923;B07QZ3LBD9;;;;;;;CONSOLAAUREA ORO 150X40 LED;798;;1277;;;1396,5;1397;
541450D;;;;;;;;LAMPARA 15LNOVATRANSPARENTE;834;;1334;1.334,00;;1459,5;1460;
696252;B00LJW1MZK;B00U1HYTAE;B01N136IWO;;;;;LAMPARA BRUMA 6L+LED;849;;1358;1358;Incluimos las 6 bombillas LED 7W. GRATIS.;1485,75;1486;
591762;B014JQG40U;B00S0SVGOS;B00PQXSRXS;;;;;CONSOLA ANTICA 160;1044;;1368;1670;;1827;1827;
872469;B00VCVSLQQ;B01DAQZH8U;B01H0YUT3G;B01N36652C;B00O3EP7Q6;;;PLAFON MINERVA 10 L;891;;1426;1426;Incluimos las 10 bombillas LED 6W. GRATIS.;1559,25;1559;
820426-2059P;;;;;;;;MESA COMEDOR CALIMA ACERO;894;;1430;1430;;1564,5;1565;
820426-2059;B00RZ2UNAS;B014JQ5WSA;;;;;;MESA COMEDOR CALIMA ACERO;915;;1464;1488;;1601,25;1601;
872469D;B07LGH67SN;;;;;;;PLAFON MINERVA 10L DIMABLE;924;;1478;1478;;1617;1617;1903
820426-2060;;;;;;;;MESA COMEDOR CALIMA ACERO;930;;1488;1488;;1627,5;1628;
305429;B07DCD26T2;;;;;;;APARADOR DRESDE 166 LATN;2.054,00;;1584;2054;;3594,5;3595;
532115;B01DAQXCOQ;B00XLPHQY4;;;;;;SILLON AMANDA ACERO BLANCO;1083;;1584;1733;;1895,25;1895;
591538;B01CGUWQYY;B01BKNE1AA;B01II0ALOS;;;;;MESA DE CENTRO ANTICA 160;1191;;1594;1906;;2084,25;2084;
713016;;;;;;;;MESA COM.EXTENS. ACERO MIKA;999;;1598;;;1748,25;1748;02/02/2020
872478D;B07WL83YGF;;;;;;;PLAFON MINERVA 10L ORO DIMAB;1014;;1622;;;1774,5;1775;
305507;;;;;;;;MUEBLE TV DRESDE 166;1053;;1685;;;1842,75;1843;02/02/2020
872941;B00U1HXR2K;B01H0YUWU6;B01DAQZJWY;B00LJW3TLA;;;;LAMPARA MINERVA 12L.;1056;;1690;1690;Incluimos las 12 bombillas  LED 6W. GRATIS.;1848;1848;
872941D;;;;;;;;LMPARA MINERVA 12L DIMABLE;1092;;1747;1.747,00;;1911;1911;
820613-2112;;;;;;;;MESA ISABELLA COM ACERO/CR;1116;;1786;1786;;1953;1953;
820613-2113;;;;;;;;MESA ISABELLA COM ACERO/CR;1140;;1824;1824;;1995;1995;
872956;B01N4WQOIB;;;;;;;MINERVA LAMP GOLD FINISH,12L;1155;;1848;0;;2021,25;2021;
690217;B00BL7S7A6;B00U1HV6UK;B01MS9OBZW;;;;;COLGANTE ESTRATOS 3 BOLAS;1251;;2002;2002;;2189,25;2189;
591983;B01M0DQI1T;;;;;;;MESA COMEDOR ANTICA 200;1431;;2107;2290;;2504,25;2504;
387218;;;;;;;;MERLOT I BOTTLE RACK CABINET;1227;;2150;0;;2147,25;2147;
793960;B075TZFN4L;B076M2BS8W;;;;;;LAMPARA SPHERE 80 27L;1347;;2155;2155;;2357,25;2357;
792750;;;;;;;;ESTANTERIA ZAILA INOX. LED;1356;;2170;;;2373;2373;
793960D;B07LCV35Q5;;;;;;;LAMP.27L LEDSPHERECOL80 DIM;1.377,00;;2198;2.203,00;;2409,75;2410;1903
275836;B01BKNEAS8;;;;;;;MESA DE CENTRO ARCADIA 135;1512;;2237;2237;;2646;2646;
591684;B014JQC0S0;B01M1NEJQD;B00PQXTBTW;;;;;MESA COMEDOR ANTICA 240;1449;;2237;2318;;2535,75;2536;
793960G;B07VYVKGXS;;;;;;;LAMPARASPHERE80 27L GRANDE;1413;;2261;;;2472,75;2473;
793960GD;B07VZWPDDL;;;;;;;LAMPSPHERE80 27L DIM GRANDE;1446;;2314;;;2530,5;2531;
579930G9;B00U1HUX18;;;;;;;COLGANTE ESPIRAL 3 BOLAS G9;1473;;2357;2357;;2577,75;2578;
579930G9D;;;;;;;;COLGANTE ESPIRAL 3 BOLAS G9;1512;;2419;2419;;2646;2646;1903
785861;;;;;;;;LAMPARA ROCIO CROMO 100 25L;1.665,00;;2664;2.914,00;;2913,75;2914;1903
785861D;;;;;;;;LAMP.LEDROCIOCRM.100 25LDIM;1.695,00;;2712;2.966,00;;2966,25;2966;1903
810637;B01H0YT1P8;B00VCVSTJA;B00IGCMPMU;;;;;LAMPARA 22LPALACE MET/CRIST.;1845;;2952;2952;;3228,75;3229;
873079;B00U1HXSNS;B01H0YUXGY;B01DAQZLS6;B00LJW3UK0;;;;LAMPARA MINERVA 15 L;1845;;2952;2952;Incluimos las 15 bombillas LED 4W. GRATIS.;3228,75;3229;
873079D;;;;;;;;LAMPARA MINERVA 15 L;1881;;2995;3.010,00;;3291,75;3292;
810637D;B07LFL6NZ7;;;;;;;LAMPARA PALACE 22L DIMABLE;1884;;3000;3014;;3297;3297;1903
794691;;;;;;;;LAMPARA SPHERE 140 55L;2538;;3998;4061;;4441,5;4442;1903
794691D;;;;;;;;LAMP SPHERE 140 55L DIMABLE;2592;;4147;;;4536;4536;
119015;B07VS2QK66;;;;;;;ESPEJO ARIES REDONDO 44 ORO;42;;67;;;73,5;74;
119122;B07VPW7LXC;;;;;;;ESPEJO ARIES REDONDO 54 ORO;57;;91;;;99,75;100;
119238;B07VNSK9CD;;;;;;;ESPEJO ARIES OVAL 54X64 ORO;66;;106;;;115,5;116;
119344;B07VNSLSQD;;;;;;;ESPEJO ARIES CUAD. 53X53 ORO;54;;87;;;94,5;95;
127011;B07VQ8ZKH1;;;;;;;ESPEJO ORIO CUAD. 51X51 ORO;48;;77;;;84;84;
127127;B07VT8J6Y4;;;;;;;ESPEJO ORIO RECT 61X81 ORO;78;;125;;;136,5;137;
127233;B07VP6DKD4;;;;;;;ESPEJO ORIO OVAL 51X61 ORO;54;;86;;;94,5;95;
127387;B07VT8F78B;;;;;;;ESPEJO ORIO TRIANG.ORO 84X55;75;;120;;;131,25;131;
358106;;;;;;;;CONSOLA TANAH 160 CM;312;;499;;;546;546;
362190;B07R16HMRY;;;;;;;TABURETE BALI AZUL 40X40;90;;144;;;157,5;158;
375946;B07G78H8TB;;;;;;;APLIQUE  SURIA  1L LED;27;;43;43;;47,25;47;1903
395598;B015EBI1M8;;;;;;;PIE DE LECTURA ERGO;66;;110;106;Incluimos 1 bombilla LED 5,5W. GRATIS.;115,5;116;
398021;B07YB9VG9X;;;;;;;ALTAVOZ BLUETOOTH LED/RGBLUX;87;;139;;;152,25;152;02/02/2020
442510;B01KHOQKSY;;;;;;;SOBREMESA LED OMNIA BCO.;24;;27;38;LED incluido. GARANTIZAMOS EL MEJOR PRECIO;42;42;
443074;B075Z3VPGY;;;;;;;FAROL 1L NABILA 34;99;;158;158;;173,25;173;
453018;B07G8HLWKP;;;;;;;COLGANTE OLIMPIA NEGRO;63;;106;106;;110,25;110;
473861;B07W6PGZG6;;;;;;;SILLA TESEA TELA BLANCA;117;;187;;;204,75;205;
508931;B00DG6I9Y4;B00U1IB2AI;B01G7U39LS;;;;;PIE SALON DIAMOND  6L;375;;475;475;Incluimos las 6 bombillas LED 4W. GRATIS.;656,25;656;
513712;B01GSGRUIO;;;;;;;BRIANA GOLD WALL LAMP, 2L.;99;;158;158;;173,25;173;
513825;;;;;;;;BRIANA SILVER LAMP, 8L.;426;;682;0;;745,5;746;
516219;B07GYSZP6B;;;;;;;SOBREMESA OVALIS PLATA 1L;96;;154;;;168;168;
516238;B07G9DLPH5;;;;;;;SOBREMESA OVALIS ORO 1L;96;;154;154;;168;168;1903
516410;B07W4KXV9W;;;;;;;SILLA ELINA TELA BLANCA;117;;187;;;204,75;205;
571520;;;;;;;;RELOJ DE PARED BRIGHTON 76;180,00;;288;180;;315;315;
580925;B01J23SJGW;B01KHUXWSO;;;;;;SOBREMESA LED LAIN NEGRO;36;;58;58;LED incluido. GARANTIZAMOS EL MEJOR PRECIO;63;63;
593620;;;;;;;;RELOJ AURORA PLATA 50;108;;173;;;189;189;
616148;B00DG6GNWY;B00X3R9WU6;;;;;;LAMPARA 6L CRISOL;297;;475;475;Incluimos las 6 bombillas LED 5,5W. GRATIS.;519,75;520;
648025;B073ZL3DLV;;;;;;;LAMPARA ISIS 3L BLANCO/PLATA;165;;264;;;288,75;289;
648159;B073ZL4BJG;;;;;;;ISIS LAMP 6L., WHITE/SILVER;219;;350;350;;383,25;383;
654522;B075V3KD13;;;;;;;LAMPARA  AQUA  3L;198;;317;317;Bombillas LED gratis;346,5;347;
689372;;;;;;;;LAMPARA 5LAVACROMO 91CM;195;;312;;;341,25;341;02/02/2020
697146;B00O3EPBY4;B01H0YT91E;B06Y1VDMPB;B00RZ2TM28;;;;SILLA DUBLIN BLANCO;114;;182;182;;199,5;200;
726905;;;;;;;;MESA COM.EXTENS. ACERO WANDA;924;;1478;;;1617;1617;02/02/2020
734092;;;;;;;;MESA DE COMEDOR MADISON 220;570;;912;;;997,5;998;
734185;;;;;;;;MESA DE CENTRO MADISON 120;288;;461;;;504;504;
750515;;;;;;;;BAJORRELIEVE 90 OLEAJE M/PLATA;237;;379;379;;414,75;415;
751415;B00OE0XRZM;B00DG6BDX8;B00VDX0N1O;;;;;BAJORRELIEVE LAZOS RECTANGUL;354;;566;566;;619,5;620;
771256;B07G4J9SQX;;;;;;;MESA COMEDOR YUMA 180X90;528;;845;;;924;924;
785721;;;;;;;;ROCIO CHROME LAMP 120, 25L.;1821;;2914;0;;3186,75;3187;
792107;;;;;;;;MESA COMEDOR BARROQUE 200CM;693;;1109;;;1212,75;1213;02/02/2020
792219;;;;;;;;MESA COMEDOR BARROQUE 160CM;585;;936;;;1023,75;1024;02/02/2020
792386;;;;;;;;CONSOLA BARROQUE 120CM.;444;;710;;;777;777;02/02/2020
792425;;;;;;;;MESA CENTRO BARROQUE AC/CR;441;;706;;;771,75;772;02/02/2020
820963;;;;;;;;SILLABOSTONACERO NEGRA LISA;147;;235;;;257,25;257;
840842;;;;;;;;MESA DE CENTRO TIME;498;;797;;;871,5;872;02/02/2020
841863;;;;;;;;APLIQUE ASTRAL METAL 3L;159;;254;;;278,25;278;02/02/2020
842130;;;;;;;;CONSOLA GLASS II PATA HAYA;153,00;;245;153;;267,75;268;
860752;;;;;;;;MESA DE CENTRO DENVER;498;;797;;;871,5;872;02/02/2020
872478;B07W3N1VR1;;;;;;;PLAFON MINERVA 10L ORO;981;;1570;;;1716,75;1717;
877451;B07DCDZ9NH;;;;;;;MESA DE CENTRO LECCO130 GRIS;252;;403;403;;441;441;
983174;;;;;;;;MESA COMEDOR EXT.ALAI BLANCA;696;;1114;;;1218;1218;02/02/2020
49441583;B00VCVPHG8;;;;;;;LAMPARA DOMO 4L CROMO BRILLO;399;;638;;;698,25;698;02/02/2020
69441581;B00DG6K92O;;;;;;;PLAFON 4L. DOMO CROMO;273;;437;;;477,75;478;02/02/2020
79401000;;;;;;;;ESP.DORM.LOTO;161;;258;258;;281,75;282;1903
89431589;;;;;;;;APLIQUE 2L. DOMO CROMO;150;;240;;;262,5;263;02/02/2020
29-E45;B00DG6D3B8;;;;;;;ESPEJO DREAMS;291;;466;466;;509,25;509;
50212S;;;;;;;;SET 4 BOMB LED G9 3000K 6W;15,9;;25,44;25,44;;27,825;28;1903
50215S;;;;;;;;SET4 BOM LED DIM G9 3000K 4.5W;17,29;;27,66;27,66;;30,2575;30;1903
653608D;B07RCZPL26;;;;;;;LAMP FOX 1L CHOCOLATE DIMABLE;99;;158;;;173,25;173;
689372D;;;;;;;;LAMPARA 5LAVACR.91CM DIMABLE;228;;365;;;399;399;02/02/2020
785721D;;;;;;;;LAMP.LEDROCIOCRM.120 25LDIM;1.851,00;;2962;2.962,00;;3239,25;3239;1903
794017D;;;;;;;;PLAFON 3 LUCES SPHERE MANDO;162;;259;259;;283,5;284;
852493LT;;;;;;;;ESPEJO  ELISA II 60X90;45;;72;;;78,75;79;
854196D;;;;;;;;LAMP.LED DIVA 28x28 DIMABLE;135;;216;216;;236,25;236;
876241D;;;;;;;;LAMPARA ARIADNA 9L;288;;461;461;;504;504;1903
